/*
 Navicat Premium Data Transfer

 Source Server         : localhost
 Source Server Type    : MySQL
 Source Server Version : 100406
 Source Host           : localhost:3306
 Source Schema         : elearning

 Target Server Type    : MySQL
 Target Server Version : 100406
 File Encoding         : 65001

 Date: 03/07/2020 15:05:05
*/

SET NAMES utf8mb4;
SET FOREIGN_KEY_CHECKS = 0;

-- ----------------------------
-- Table structure for permission
-- ----------------------------
DROP TABLE IF EXISTS `permission`;
CREATE TABLE `permission`  (
  `id` int(11) NOT NULL AUTO_INCREMENT,
  `permissionname` varchar(255) CHARACTER SET latin1 COLLATE latin1_swedish_ci NULL DEFAULT NULL,
  `link` varchar(255) CHARACTER SET latin1 COLLATE latin1_swedish_ci NULL DEFAULT NULL,
  `ico` varchar(255) CHARACTER SET latin1 COLLATE latin1_swedish_ci NULL DEFAULT NULL,
  `menusubmenu` varchar(255) CHARACTER SET latin1 COLLATE latin1_swedish_ci NULL DEFAULT NULL,
  `multilevel` bit(1) NULL DEFAULT NULL,
  `separator` bit(1) NULL DEFAULT NULL,
  `order` int(255) NULL DEFAULT NULL,
  `status` bit(1) NULL DEFAULT NULL,
  `AllowMobile` bit(1) NULL DEFAULT NULL,
  `MobileRoute` varchar(255) CHARACTER SET latin1 COLLATE latin1_swedish_ci NULL DEFAULT NULL,
  `MobileLogo` int(255) NULL DEFAULT NULL,
  PRIMARY KEY (`id`) USING BTREE
) ENGINE = InnoDB AUTO_INCREMENT = 13 CHARACTER SET = latin1 COLLATE = latin1_swedish_ci ROW_FORMAT = Dynamic;

-- ----------------------------
-- Records of permission
-- ----------------------------
INSERT INTO `permission` VALUES (1, 'Master', NULL, 'fa-briefcase', '0', b'1', b'0', 0, b'1', NULL, NULL, NULL);
INSERT INTO `permission` VALUES (2, 'Master Mata Pelajaran', 'mapel', '', '1', b'1', b'0', 1, b'1', NULL, NULL, NULL);
INSERT INTO `permission` VALUES (3, 'Master Kelas', 'kelas', '', '1', b'1', b'0', 2, b'1', NULL, NULL, NULL);
INSERT INTO `permission` VALUES (4, 'Daftar Guru', 'guru', 'fa-gavel ', '0', b'0', b'0', 15, b'1', NULL, NULL, NULL);
INSERT INTO `permission` VALUES (5, 'Daftar Murid', 'siswa', 'fa-graduation-cap', '0', b'0', b'0', 16, b'1', NULL, NULL, NULL);
INSERT INTO `permission` VALUES (6, 'Pembelajaran', 'pembelajaran', 'fa-book', '0', b'0', b'0', 25, b'1', NULL, NULL, NULL);
INSERT INTO `permission` VALUES (7, 'Soal Latihan / Tugas', NULL, 'fa-bell-o', '0', b'0', b'0', 26, b'1', NULL, NULL, NULL);
INSERT INTO `permission` VALUES (8, 'Daftar User', NULL, 'fa-book', '0', b'0', b'0', 17, b'0', NULL, NULL, NULL);
INSERT INTO `permission` VALUES (9, 'Profile', NULL, 'fa-user-o', '0', b'0', b'0', 35, b'1', NULL, NULL, NULL);
INSERT INTO `permission` VALUES (10, 'Materi', NULL, 'fa-book', '0', b'0', b'0', 36, b'1', NULL, NULL, NULL);
INSERT INTO `permission` VALUES (11, 'Soal Latihan / Tugas Murid', NULL, 'fa-bell-o', '0', b'0', b'0', 37, b'1', NULL, NULL, NULL);
INSERT INTO `permission` VALUES (12, 'Nilai', NULL, 'fa-area-chart', '0', b'0', b'0', 38, b'1', NULL, NULL, NULL);

-- ----------------------------
-- Table structure for permissionrole
-- ----------------------------
DROP TABLE IF EXISTS `permissionrole`;
CREATE TABLE `permissionrole`  (
  `roleid` int(11) NOT NULL,
  `permissionid` int(11) NOT NULL
) ENGINE = InnoDB CHARACTER SET = latin1 COLLATE = latin1_swedish_ci ROW_FORMAT = Dynamic;

-- ----------------------------
-- Records of permissionrole
-- ----------------------------
INSERT INTO `permissionrole` VALUES (1, 2);
INSERT INTO `permissionrole` VALUES (1, 3);
INSERT INTO `permissionrole` VALUES (1, 4);
INSERT INTO `permissionrole` VALUES (1, 5);
INSERT INTO `permissionrole` VALUES (1, 6);
INSERT INTO `permissionrole` VALUES (1, 7);
INSERT INTO `permissionrole` VALUES (1, 8);
INSERT INTO `permissionrole` VALUES (1, 1);
INSERT INTO `permissionrole` VALUES (2, 6);
INSERT INTO `permissionrole` VALUES (2, 7);
INSERT INTO `permissionrole` VALUES (2, 9);
INSERT INTO `permissionrole` VALUES (3, 9);
INSERT INTO `permissionrole` VALUES (3, 10);
INSERT INTO `permissionrole` VALUES (3, 11);
INSERT INTO `permissionrole` VALUES (3, 12);

-- ----------------------------
-- Table structure for roles
-- ----------------------------
DROP TABLE IF EXISTS `roles`;
CREATE TABLE `roles`  (
  `id` int(11) NOT NULL AUTO_INCREMENT,
  `rolename` varchar(255) CHARACTER SET latin1 COLLATE latin1_swedish_ci NULL DEFAULT NULL,
  PRIMARY KEY (`id`) USING BTREE
) ENGINE = InnoDB AUTO_INCREMENT = 4 CHARACTER SET = latin1 COLLATE = latin1_swedish_ci ROW_FORMAT = Dynamic;

-- ----------------------------
-- Records of roles
-- ----------------------------
INSERT INTO `roles` VALUES (1, 'Admin');
INSERT INTO `roles` VALUES (2, 'Guru');
INSERT INTO `roles` VALUES (3, 'Murid');

-- ----------------------------
-- Table structure for tguru
-- ----------------------------
DROP TABLE IF EXISTS `tguru`;
CREATE TABLE `tguru`  (
  `id` int(11) NOT NULL AUTO_INCREMENT,
  `NomorIndukGuru` varchar(50) CHARACTER SET latin1 COLLATE latin1_swedish_ci NOT NULL,
  `NamaGuru` varchar(255) CHARACTER SET latin1 COLLATE latin1_swedish_ci NOT NULL,
  `MapelDiAmpu` int(255) NOT NULL,
  `Email` varchar(50) CHARACTER SET latin1 COLLATE latin1_swedish_ci NOT NULL,
  `NoTlp` varchar(15) CHARACTER SET latin1 COLLATE latin1_swedish_ci NOT NULL,
  `Alamat` varchar(255) CHARACTER SET latin1 COLLATE latin1_swedish_ci NOT NULL,
  `LastUpdatedby` varchar(50) CHARACTER SET latin1 COLLATE latin1_swedish_ci NOT NULL,
  `LastUpdatedon` datetime(0) NOT NULL,
  `Foto` longtext CHARACTER SET latin1 COLLATE latin1_swedish_ci NOT NULL,
  `TempatLahir` varchar(255) CHARACTER SET latin1 COLLATE latin1_swedish_ci NOT NULL,
  `TanggalLahir` date NOT NULL,
  `Gender` varchar(1) CHARACTER SET latin1 COLLATE latin1_swedish_ci NOT NULL,
  `Agama` varchar(50) CHARACTER SET latin1 COLLATE latin1_swedish_ci NOT NULL,
  `isActive` bit(1) NOT NULL DEFAULT b'1',
  PRIMARY KEY (`id`, `NomorIndukGuru`) USING BTREE
) ENGINE = InnoDB AUTO_INCREMENT = 3 CHARACTER SET = latin1 COLLATE = latin1_swedish_ci ROW_FORMAT = Dynamic;

-- ----------------------------
-- Records of tguru
-- ----------------------------
INSERT INTO `tguru` VALUES (1, '1001', 'Prasetyo Aji Wibowo', 2, 'prasetyoajiw@gmail.com', '081325058258', 'asd', 'admin', '2020-07-03 02:53:26', 'data:image/png;base64,iVBORw0KGgoAAAANSUhEUgAAAQoAAAEOCAYAAABxWlnfAAAAAXNSR0IArs4c6QAAAARnQU1BAACxjwv8YQUAAAAJcEhZcwAADsMAAA7DAcdvqGQAAI9ySURBVHhe7b2NnxXVle/9/Efeea5hrs91cpNxJsmYOGOcmWuSG2Ymc6OZpNUIikJ8g0TQoAwJoBPtqAgaIcb2BSEYQSN9+pUObyGASFrlJUZRsTEgL5L91Leqfues2mdXnTr9crobz+/zWZ/uU7tW7Zfae9Xaa6+99v/jcjA0NJT+1zzavOXR5i2PNm8xhg6ccX99x3vuX5d9kF7Jx2tvfez+/q734/uv/q8P3Icf/TlNCaMtKFK0ecujzVsereS9f+OJeOA/tOlkeiUMCYnLIrrtiQ9LCYu2oEjR5i2PNm95tJL32p+OxIN+6Pdn0iv1sEKC/8HdT/+pobBoC4oUbd7yaPOWRyt5r1icTCXe+/BceiWLkJAQGgmL/4fCtKlNbZr+dMn89+LBfi6gFBQJCcEKCx+j0iiK0kCbt4ZW8p4+c869/seTrn/vMbfsiX738AuH3L2/+L27ZeU+d819u92/3LPD/eMPhtwXbhlwF8/qdhdd3+MuvLbi/uI73e6Cb2+Jif//+zVb4rTPzOmL74UHXp7Bs+bc1xs/+7n+P8Z5kSd5g1bW16LN69zfFAiKX/R9FKd9bekxN+uR47nEPZCvVbQFRYrpxHv43Y/cK799z935SJ+bv3q/+/f/3On+dl5/dbBPFlGGf15Qicu08leH4jJSVotWt5XwSeAtmnow8K+KNAUJgiJa8csTMc9bx2rPaQuKFFOV9823T7oNg2/HmsH/XbrT/dUNvcFBCv2/Hd3uS7cPxvd9a0mv+8+uYffoi9GXv++P7pVd77ntB0bca0f+5I5Eg/flylZ34qOP3Zmz56IvUO3rwf/9A0Nx2vvHz8T3wgMvz+BZCyMBxbO/98i+OC/yJO9QmSDKzH3U4b61/XGdQpjMdi7CdOFtZMwsIyyYfuhepiASGm1BkWKq8P7uzQ/d6s2H3ewH97hP3xAefJfM7Xff+vEud8OKXrf2lT/E6j8D2iKU7/GTZ93Q/g/cYy8ddt/5z173X8+/kaZkAS/36V7+WuTViTKsfm4gLtMPf34gLiNlzasDdaSu1Bk021YWbd5yy6NFwkJCAqx8+WT1OppFW1CkmCzeF3691T1Vecvd9NO9sU0gNKC++1+/cw9ueNN1737PvfPB6ZSz9mwEwMs733WLn0y0jv96/s1Mvi/teNf974W/qXs2tO9QrXMgFC6eHdZY4Bd4NnwIEPIlPwj+Lb1b07tqoMyUnTr82909QeFB3b95T0/cFn9471TKmcVY2vmTwFvW4SokLKyQALMeSbQTCKHRFhQpWsm7+43j7v51b7iv3rWtbsCgxt+x+lX3TO8f3frN9YPOovOpAXf9T35X9wyo64XB+B6EhL2OPQNN4vF1A/FvhBDY+uoH1Xv+94JKfN/in/8+vheDJtcFNBnd69NF3+2u024s1B5vRNMP6njHqlfjOvvPoW1oI9pKaOU7sphOvP+6PBEAm3bVPighWGGh6YWFjJ+skjTUKNo0fvTzXw66m/+rz31ubnY68alrt7hvRF/Ze1b3x4LB8iAImCJcdmslvpffSrvtwZr28T+iwfnt6L4fP9EfE9cYzNzHF5zfpItX9NdzkrLwv57HX/8+eElDuGyMNCD+h5d7LSFgSFM50S4o///+fk+Gbu/si59j86DutAFtQZvwHBFtRtvRhpanTfW0/Bf74wGOVhFa/fCBwMiDTWtrFCkmghej3R3RoGB50Xb8z39vwC164rVYHQ/xogX83a3Zr2y8pBlNC/S11nU7dQBMQ7h+STSQAZoBv9EYAM+ObRVRvjYNzYH/+Usaf7kXKI3f0jzg9aE07gdMg/idR3q+YNuCtqGNaCvLQ1s+EE1hfINo3jsQitLPN14ZNZc8l+0bY0FbUKQYT97nB952/7Hst5kOztIhBr6tqWFQdoW7H+3PqOrP9v2xyvOlWyrxb+7V9VsffTW+T4OcNHBbdF1C459TewS/NcglKPifAUyZlcZfO8hJ4/kIKxC6j2kJoFz6394H+J/nUEb4ILSSxzYfztwHaIPHn480Bs9wCmgz2u4znnGXNqatQbPvyOJ84331yNmq81WjfR9lwDPagiLFWHlxOlraNZwxSLJk+O0lvfHXUWDQYPizRkMNSMBv0mJjockXvv8ZXSeN/xEY3GsFgAyOGrAMSAYggkNCRPYGbBgSPnbQK18JIvjtwCadqQ73AvKkTMAKCgkUnmPBs5UmQaFy+IT9xWod8NKWOH3Z5VjanKkJ7yAPti19FKWB6cj70HN7Y0EhzaLMNMQHPPDyjLagSDFa3t4977t//2FiBxDNXLw9XiLEF8Hy4oNgBQSDXTYEDTyEAb8RBszx+fprkEs4cC8DmP81kDSwuVcDUYZKCz0DmwL38n9oMNu89DyuKV1QvokADGsoAF7KA68VPPDxPwIMuwrPk0YkUtvYfGlb2pi2tvey5Mo78WF5fRSlgenK+9JvT1e9NbFZNDJwWnAvPPCinbQFRYpmeXGCwq3ZdlIs+DgmWYiXr7buY9BouiHjoLQKDVAEALwMHIQL93ONNAkArWwADT5pB3z19aW30DMYlID//fvI1w56X6DY9pCgQDBYHsorgQa4DtlnU2YrhOxzgcrK/cBPF2jzjqU1AQzxbnhHQh4vKEoD05mXaYhsFhIYTCVwysKDE60B4n+ukSYBAX3r/qOusvOttqAQyvKyzm+Nk/gEYMV/dySR1nRuGSJlCwD6Smrg8CUFpEs4aGChVTCISJMA4B5gNQ5bLn2ZNf2QpsJAtMAGwHXSAUJHzwPkj61Ay64apPwfEhQSgL6g8MF1CF7dB48EhepL+6nMuo80cKNZlqVt8RtBS1Nb8A5+sv7NjJ8G74p3ZsvsoygNnA+8zw6eqi6dliHu7YymyEeOHImpLShSNOKls/3D/OTrD315wVCs+iqdAWat/BrQdz3aH9+jAalBwKBjUDO90GCxtgqg55Kmr74VKrbMfPUloABLlPyvAUVe/BYx9QA8h9/i9UnTHmk22FcQjHKy0nMZrKpHnqCgTSiz6sD91I+24a+0K2lF9j49m2fIziKiXCwLW/BueEe65/NzK/E7DMG2YwhF6dONF6es+Y8Ox1oGe0OYmkD8zzW8O5/4ZaKxvvpqpPlKUPDANuUTexO+eEviHwB96dZKvDPT3kMnxdGIdPwLsOwjAFD/ucYAkH8DX3J4GKj8lr+D74NgSdqB9WPAt4J7+cqyFMo1kfjkJyGSv4XNg3LKTwKiHORH+ayvg8ofIvLhHqZC/MZ3Il7BSHkhrvNs/lddqY+9h99cV5vIf4RyqL0QvKSpTSm76uk/D+Jd8c5Ih3iXvFP/vjbVU0ZQxKIjAG7MQ1EaOB94YyNlOv+GUGFRc31o/s6Xzv+SSnXmqw6YfnAf4AsqrYP/9cXUvYAykaZpgFRwPdcSzyad+4Hqo68xZNFsW6ExkC+EoLHPldYBJBxDhIbAs9WuPiQo1I78r/YSj+pnIW0tlCYgMK4wU0aeJ6NnUVuAZtvKYjrztgVFAEpnie3mh/ZWOxQOP3gMAgYF/goMXA0ODVoNYoBKrjm/vnbw0pF1HYhX9gcNBu5FKOHFyG+IAcP8XUA95ytrDYYWrWirECgT9fBJ5YdX0xUfaAtcpy0lgOEFtBHPBmo3gakHAgrQvghbrvGe2H9C+6jMTEmsExfv+vnN2Smfj4lqq6nO2xYUAZDO3gJ1INbpMYyx7Zo05vlKg+jsdEo6Ib/pmPa30mUr8O0PAoIEXqDBYYn5OMIghLHWNw8TzcvgV/2oOwObQS3BSDsgLPlf9gqgZ1tBozaTcZZn8Vvamohn80zAO+XdWl8M3n0exlrfPEx13rag8LBp+9HY2KVOw6ast95PdjAy2DVX1ldRRja0CyAbgga0BgKdn3z122odCBRNKSBpKDyf+xkgCJkiTEZbgbHy0qbU0QoMEYIR0Fb8tm2mZ+teIO0CbURCQ8/gN+1ohYYVurxj3rXSMFbTF3yMtb55mOq8bUGR4ujI6djLTx0F5x1iOwh0aL54pNGppeJzXcuddDwMgqSrE3KfOifzbqt10HkRMPyG0ChGozGAVraVxXjz0p587WX7ABIAtm3g5V6u095A2gWG1JBwETStsRqKQAwN67hFn6BvCONdX2Gq87YFRYSne96qRotCBSVqkw86FelyTgLYH4C+Xgx+6/gkSHVG5QXq+CIECR26VfX1MdV50azUVpqeaFmWa7SnhAZtCS88CHCuQ/BIU9PKDvf4UL5EA9N0hL5BHwFlyxzCdOYtLSjOR9rcvTUOkEJngNjWvOGlrfFyG1MICA2Be7Ukx19+yyqv30pnaqLni2SbwMima9zP0iDLesqjtTToNj7T6x7urLhblvW6jYNb3eanetwt87vdZTducdesql9eTGir2/LSgNtSae02b9qQjXG0o0+8L70PhIDPK8GgJVMtX9PuCHYtKfO+WRHR+6Av0CdIg+gr9Bn77POJQtD1T6xG8cut71Q3bRFlWg44fGXUkSAZIqU1kMZvoCmFVGJNQfjCAe6ztoem7QznaqsiY61vPd52XQtqg23m7dlB2LE+ZyfmW7tdh+5buNut29jr1qzod1fePeQeXT/sjpoQjeNf5gSamtDOamtNNXgXPq+mjLwPaSdyfZfB0zpucb9draJv0EfitFndcd8JYaLqCyab9xMpKGYtTzoOJE9AYFcz6HgyVEpY0An5LcFgVWI6L/fId4COpg6KQOHexmXe6k4dGXZdndHAu57nRlOZ1IEwn/e0O7p9t7vpti3uko6kLNAltw65rlcTG0uYNysoYp4fDLk1mw+4ga0H3M4jSaSjOt5d29wMw+PTjJu3uZ3Yft854BYv7HZXzqu4q+7d5jakZbEoao/GbZVN13SOd4iGIcgmhBAH8rPgfUj4y8bBO5QxGtJ7BzxHvNBdaw7E1y2aLbPFVOf9RAkKArfakHOrN9UMXfoiMajtl19aglY1UF+tUU3CQ0ueqLL264RtQ52tsMzvHnDz5yU8lpb8JhFiQd4zR1zX3fU8Naq4JdtHcvLNCoqOdUfS61n4vEc3Gq/Mjoq75v4+d/jQsFtzb00juXxer7tY9xjqWJ91my5qj8K2iuCn08Z6VxCDHKEh4c/75R7+l5+FPgQymgKei1BQmjQWYdHKWv3pSwoGDJots8VU5/3ECArUR73gv7+14na9Xou/qA7EAOcrA6+0DNI08Ok0/nNJ194I8XKNjibjmZBb5mP73FyjDVy5eIfrHj7qTpkjGep5T7idK2uDc+Z9fe7oKQTSaXd4XX/tqz97h+saDOWbFRRrhtPLHvx89z5Wy/OqdWaD1fAud2V6Hbpy2W7X9dKAO1wZcpfreseQGzCxcnPbI0JRGgil0+68Izm2iRD+pEmoY7MACA8JCd4V71HGaAkKNA8L8qXvfGVR7YOjaetoyixMdd5PhKC4e+2B6kv9/uP763jVgfT1IJ3f2BfoYHQi2SMwPgpc15KcLOyjKfPR9bWp0JVrD6VXs6jjPXfALUl5YmGQST/i1tyapkVaxfxnQ/kec5vu1T2R5rI9vewhm289TzXdCorbdzt0tSTNCqTaVArktQcoSgONeBH0vFemCwgEoKlDaGUKIcE7Fi/38VvgXUM2X/pSUq8tcR8ba5mLMNm857WgePvY6fg8Cb1MXHYZzGxUomNoCqGOAfGFgVcOQJqnyh6BMZMOA69sEHRA7gGjKbP9SsuI6M6854a37nMDR3Kea42KC3a7zV768JNG2+jM7qYUdnam/BGVExSH3Jrq9CgZ9NX0rbW9Exc8kMzfk7QmBMW5t9ymZZWqNnTJzf1uUdd+Nxy9Rx91vAZ5abwvtEM/Xe+W90ianXbwXq1BmiVuu8+HPqW0r/6gJ+5zeRhNmYXJ5j1vBcXPnq/ZCggB/5vXEmOjNACRbA+yUSBAWB7jXs156ShAmoclfw47mjIff9ls614w5JbfW5vjz+hM5gR1vCPRdEU83x5yq73phdVSxk1QWC0mynMgmhop/fC6Wn5MSUCSNmx4Bl130dSjwFB65QP73dHCqVgNeWnqDyxhK3YFkGDg/fLu+V/TFfnP8OGwxkzrl0Hf0jED5MHvEEZTZmGyeTOCgovnAy1fUzM4fX1hT3xkHh1A7tesx2MZ17o8GgZ8GDGZv2q9HR7dw5SDa6itXMMgpvvGTJt63My0vJYumtXtbno8bxt0n1t8Y+3e+c9k1/fX3VdLm/WzsM/D2sW1e256qj69jl7scV9J77/g5h630aTZZ2Xys3W7scetMzz1tNX1vdjnli7rcQ9vGHBbXupzDy/tdhel/BfO73VbgnyWomf0huvLu9O2dgjtkHfPX94n71v+MPLHwMeCNPoLv3nn1p9D/YI+Rl/Tdfqg8j0f6LzTKDhZWy+LEO+C1svREugQwGoN0iyAfTZTEdJRW7lfaTJ2+hhNmZ17z20wqxeXrtjjht/NHsQS4j3cVfuKX3hrj9s7khgzj+/Z5TpkHJ29za3tC+e7c2Utz/mvZMP2CZl8t5tDilbsdygHSbqdXlRc55747iTNagn37nM1E7L37JEjrrtrm1u+cpt7dP0Bt+7XsiOcdQMP1J4to2uoPWLs2eG+EN2LQXjgnfA0gMEuLUKkaah8aPR+0SyUBpSv1S4F0uhzuk5ftMgtc4SiNDDZvOeVoODgW72k7z9cc8PWtMIaHBUKPiQs9GzmrrJDWENnEZots3B8s1l29AYUCPKejNT6OSlPiK7rd2sO5C2PRjjzoTs+MuL6gqsiCTK85064o8PDbmDrPte9OxEsSfqwW15dtRl0m1KZQ5pdTp2xMru0Un32W3tqgs3QxfMG3fJIaKxZWrumKVK4Tu9ljK2XPnYwvZ6FeHn3fAhk7NTgR4gIdlWEvqAVE31A5IMB9NyHXjhYLQN9UgiXOUFRGphs3vNGUNgvBPNPm665pV46XxR+o2XQWXxhAa/9YoS+KHmopfNl3xPbG3A6mh19Zru6C44FPLbHfSPNzw42ITffk4fchs5+94VrxIsfQ79bYrwky5e5HqV5Tx5zh/cccAO7jsSaBiBt+Imamt6xMbsbU7zWmHvBnKjsK4fczOtq9alRVgj5OBVpPJdW7+13G+p9vGLk1Un9JKQtaglcKyaydalPAftc+mBSjprgycsXFKWByeY9LwTFrNQq/ZffrcRnPTDwCb/GXyCNgi8CnQBeCQau8bWwwkKxEHy1E5Qr80js41BnmJtVcTtzj5s45h6cX7t39uba+R+gXL5hTCpvpIUcHznqhncNu8Ne3cWbMapu1SrPVnfq0LB71DqU3b2nqmnV55v1C7k8R5sAeWXWx4aPhRUW0h7oH/CqPyFYAJongkRGUoG+SJ/kXvpoXr6gKA1MNu+0FhSnzpyrnsJFtOWdwyPxS9V0gZcny7SWO9Ei4EUw6AsiAcI13YeQEK9FYZnPRJ21q98dfnkwERKROo02YV2rZ6Rz+xC2rDKOQmZQgLG2VREmm9dqApfeu9vtPXY6Tcvabua+XFMR/Gef6k3bPKWLF2xzA6kbuo+8cvH+rbOWBIbsW3w0MGqqf5EmIWIJbUN9hz6pSOBfu7Mn7rMhlG2rEFrBO20FRU/fUPUFsjT12pHEIUYvy/rsSyvAzqCvgqCvA88S6AzSRnyEy3TCDW8cdFemAuFi1OY5UUeNjYsRDuwyqxoY+3Ke3d1rljyzqvNY2mrq8552h9f3B92+a1SwtHruoOvMsdVc+WS9ZlFULgzdvqETot8A7URVLAtNSehjTEuspkroPUDf1PIp/ezEqY/j6xbl26oereAtLSimEiEk/jld5vq76IvNdmBesLYLa+s3y53apEWEav85EMtbpCsq9OhoMLM8CH1jpV069dJv68lZ5ht0q+/a4i68rttdzdbvqJ7195zH9FKfW7qk233lxi3u05GwvWxWrc0uvKvX9YV4IkITu1BtG6n6q1/qry6r5i0NJ9TvHlzY7WZ19rktg9k0+hN9Q0vhfDwg8tBSKoKB34oULtISK6S+SB+lr3KNvksftjxTgULQ9WmnUaC6SZMgGrbmkvKe07xRvGgZTCNIk0u20vgKcN2fZmTzPeuObt3lHm3kz5/Zr8FmLE/tjdKvLkqPkPvsCEVpoCh905atsRPQuv63XecvD7pFa15zNzy4J55m/eMPfuM+GwnYT9/Y6/7yukomdiT/f+raaNBGaZ+/ZSC+Fx54eQbPwl+AZ7/zQXPek6BhfYd3u9mpprCoP2e5+NSwWzJb7ZrYdqppJ2sbtiyq6bu3VbWYi5ftj6d6RWWS85V1spMxk36FFqv+qCmJXRV5IRI0OjCKPmynIUX5gqL0VvBOO0EhmwTS2X8pqH2aMhABiRPCAUJAXnnMH/ky2LllvsHybeNS3OvWDBft5Tibtd7fuive71DDWdf1ozQNWrDb+REZx9pWZz/+s9vx+xH3xK+PuAWP7Y9DuklItoLIizzJmzKs2TAYlykP5ep71p36cCSzQQ4oHdtEtQxzdri9xls0D3H6mRPRQD3qBlYlXrAyfhbxMs3AhhGCVkH8D5cVKjybdB1GRF8WSpU5B63gnVaCQqsbzPdQ5QRpBnK1BvKek0ETASJDJU41Mkj5QgJU8z11wC0yhkjsDnnOSzFO7nezzP2LerNrnEO9vbXndfS7DV78k2bb6sOPPo6F4ZKnht0VdxghNcUI4UEZKStlFpqtr4XSrdNY1nU8H0OD/a5rYWrwxCnLaB5FvPrYKASigDDgOtNXoL0j3G+hZx9852TVZkGfBmXrG0IreKeNoJCBCQsyxiHmiNIe+Ksvp5ym0BqsYUkCgb8SIiEhAWy+vjX9C4v7clct+Pqtu8+sXERaxXBmf8JWd3jjoJu96oA7HG8Jz6JMW+09+GGs8kvoTUei7NRBPgkhlO0b1qFLO2+Lec+6jZ3dtXd63TZXmxwU8/LBkc2LDxBaKRqCPjrUx/7WB4o+yVQDLVegD2s1hL5dtr4htIJ3WggKeVyyJs1yEwNcWoEsy7wUCQtWMsTr+1CA5so84nZ2Zr/WS7Z63lAGQ31Ga4ho7ss1f4jm8q2B+Adz/6svc97p+ULUaWnXcCY+CCjdVqeGXefNtedd1bnbrTXaZh2O7DYrUM0F0wF8gKyQ1qoHWgW8moLwGyGh3yJ/6VR+FnPuq21pD6GoXKXbKoCyvFNeUNi9GziwSK1DskswqPF5MRic+N8+W0YohAZousy+q3THoNtU4PVnd25ecHOkVZi0Ith0hBpfXQyI1Wed50RdqTN1b+odnXm7amuIn3VrT539J8a5tzJOWTMW7mnKTgSUTj/UVESel6x+8FtLqep3/KZOWrK3Gi59mmuQvzfEoqhcTbWVh7K8U1pQ2F2g2hYsCc7SJ41vpbu0C6Bn2/ki/GBUZd6zoxapKaIZC3e7wwHfmZj33OuuczYxKNM5cIoy+TKPlyFsvOjCa6LOeudv3KwHfufuefL3btWmw27D1ndc/75jsVDlK3nsT2fcR6fPuY/P1YyP/N/bPxSn0dbcCw+8PINnEaWaZ8+4bnxtJAwqGaNDCLZlurHsvmdDU5qzbvhJI8CxEWWViRhl3pGFBjztw3P5ePE/QEBYAzu8smdA4rXu3s8PpPFIPBSVq9kyW5TlzQgKLk4VIp6EGo8NXlzT+rTv86ADXeK079dC7DMAtBsQwWJ5mqetbuODxv4QEXEewvdGNFA+rPvA4JC7O6qD1tnHQp++odv961098XyYOmP0DeU5EURe5EnelIGyhMrYDNEmtA1tFMqzND1biXeV6rlX5x5HMDqSNqET1n2iXRSWAP8MNGL8fpROH1fZ6Pu6PlVoSmoURAmSWqet4r7ERhigQWi+x19rvOTFaH4o1VAYdZkj1XVpNcQclCyZWjRT35ETSYxH/BRqz2yOPjdvID7NaunP+t0bfwxvJBl1fSOMlZcycXgOZaSsoTqUIdqItqLN9Ow81KWdGnbLzdTxwoW9uQbp0daXvsZHSdqDBcZM8pXxlr7Kb/qywHO1RZ2+70fKaqq+HsaDd0oKCoWvIxCIIJVNdgYEhWwUWJQlMLhP1yHNFy3GVOZNPdkt0XPS8PQpytT3Tx997FY890bVkNUssdz44IY3S0eAHlN9x5mXMlN2e2xfM0Sb0XbdffkGy7p8D+yqutdjX3q4N6/Mp93mNRXXER+VkNDMFbvTOB8J8uqrVTk+UnLCAjKm0w/h5SPHPVyz9+m531mR+AkxBizy8gVFaWA8eKecoFAgXNaZiRokyEGKRkYowMs1aR7WQIRUZ5qi3z7GWubMkimGTbMI0oj34RcOVjtKM/QPt1XcI7865A6+k8x/fTTKtwiTxctUhTp97e7mhQaqO20ZQjDfdw645bcXHV8w4vY+1ltzBbfUEWmomfgbYWgfCISvBf3UCgU+btJytVeEvgrpue9/eKbqY8FYEIryLUoD48E7pQSFDamPWzANK8MQsFLbrsFbLULCYWLLnGwjv2TBDrfTfG1AHi/u0397c3NzdtRtDIZ8hcde5nxMBV7qSF2bnYZ96fatcdtajKbM+GNkd58Oua7KPvfoYnnmFgmZBKTR/9QXJSSkBSt8gbYZcK/uwXiraQt9n2tQmaMARlNfoSzvlBEUdBQ1DpGNkcAyRLIKIDWNVQwa2jYs0NREU41WlDkEP/13b3zovr08USfL0tcjtZx5vXV+bmWZLVrNS52p+5eb9DSljWlr0HS+ngfu5Z0H3PHqitbZWuDgOXlnpCTQc/m4aTVOQsIuldJvERLKT1ox2ob6tI3u3ehD0XR9DcryThlBoRO8OCuBxpKktcuf1hZhee39oXQf41XmEGz6smder5a9DLFS0Lvn/ZQ7i1aV2cdk8tIW16UxQ8oSbd50vjau57ye+mVvczQCu1Hz4D9Xg976/khD5jeaBx9A7pOPhRUWOjeEsdGorYowHrylBcVEks4C5QQvfmuup0jIfuRjtoxrCRRSI/vbfSeLHn12wH3xe+W/iP93cY9bu2HqLYlNFaJtaKNQ24WItucdhJ4VpKdq7+qmtfXLyX1R+iVpeuGSeIDop9KMmS5zjWV7bGj6LVK/J1KW+jdjgmuMEXvvRFAIuj7pGgUnQ9MQEG68SFz+R9rSoBbWFkHjszyKROa3dagCE1nmIuBqrfo0omvu2505A2KyyjxdeGkr2izUliFa+nT4nMS6Z5szUuo0Bs8rtxmNAqh/5u3nYErC8qnSZIfTlIUxobwn8xT1SRUUm7u3us/MSQaWDgxWQyEU4OUvNgp56SFIdI8l2TCEiSpzXhqbtWYu3lFXrhBduWhbrI76aHWZhenGS9vpjJZGxDvh3VjUP9uECJhVcd3vph+ckddd5+3meQVHH4BQmfl46eOGo5WF7BRaOgXyudCqCGBscI2xcnRkAuJ+FEDpkyoovnlP1goMZGuggeGVkRLCfVsDDG2DhqZB+eujLt/opa9JT+D69B2BeahBs/X9Rfdb7r+lZSwiXKlxfc5Ds/lafBJ5acsyruO8G96REHz2ubcy8Tkvn1ep7R2JqdyqRwjWcKltBrqGENFyv4QEdjkfml7f9NO96ZUaisoERlNmQemTJiiwbFPxi66vRQUCCniL4VJTDxrSGjXRMJjDFcHme+qAORCHPG/L2TSUopn6EulJzy2ieQ/vc796pXyZfRSlgU8q71vvn4rbNtTmPvGuQO6zzx11D0fCwi6TxtQRCYnepMeMtswIBm1Rt3t59OHjxDJ+a1XEB9GxGCvcw9ixKNtWIZTlnRRBgfr0VzckDaN1YoFGorFIww5hhQjTC6VhuCxCNd8ju6tC4uI5nK+x322Ml7hOu1Mjx9zxD0cXku6PUQf95tLaAch5xEG7bKICo2kroc2bhZ9OG9PWoXdgiXdWJLDjYwKODLuuJ4bc7AWDbskTe+Ko4EJuud494tYVndsSAeOllkLRJCQk+ChyTUKCPo8w4bqC5JCv/IwYO3YK0mxbWZTlnRRBgd8/FWbnIQ1Dg0DaIQox5SDsmD+t0O5R39DpI87X+Phf3jmc+vefdVvW9bj5JobBlSuVlqBRfbe9VvMILSK+dMc+TE/hiTCathLavFmE0mnrMtoF/Yp3GELz+Ub9ddcONzP6GHGsY6MpLX2b6bI+gJpusKpHmvXmFFljJzuAucYYEpovcw1leVsuKDZtPxpXlMCtuPBKmopopMVPJg3p82pex/SkTL7VszkVaSpSLQdWht10lxvX+qJn3//zgVL2CBxmfJQpcx7avFkUpd+zurFmwTvcOFS/itBcviNuuCt7zMDlT5Q/eEj2NzQJptIICgkJhAm/ZQhlagIIo6cAyIwlMJa2KsubERRcnGj6/NzE+LTwkb7q0X5IeDQE1pE1j1PjcF28Csdfbsv4gLtPOz1nVdzSlRV3tYnWfNG8irtlfi2vMqd5L17VuANijf/FxrZPxGQT76DMygjvNMTfkAb63X3fr3/e1YT+Hwjc7xH9mqk1moT1CWJKre3oENMVjQltYWfs8JuxpPsmmlqqUdy/LpGg7BwEcjCx0wtNOyRJIeZraBn8j/QFjfMdcBsW1r9IDFM3PZ4uU21PPfI6htxAgx2gRF6qe5ZHqIODW8enrXy0ebMow0vgHU1zi4h3K5TK9939bomZukIXXx9NPfTbGD8t7LOtGwDw82UKgn2C8SBfDEhTFu2+ZUyVKnMOyvK2TFC8/seT1cr27z0WV5j/EQg0BoYdThhXQ3ANCWptAVpKAmXy5ag6G5Uqjrr8brpTzzjSdKTRmwX/2Wxr1jPyiK3ToKhcZcqchzZvFs3w8m5C78wS7xgU53vWbemqxPYIyzvzsdfjvSFDAwNu75PaXFZ/Ipx9Nv1YH0M+lDZNdgt9FIH/UWUMKf/nN+c7gYFm2sqH0lsmKG5+aG9cqTtWJ0FktE8fyQoQFKo4/u6sN2sJlEblfgkRUDZfd+yQ27n1gNt7KHW6GTni1q7tqX4RQiHt7LPL7New4cuKylW6zAG0ebNolpd3FHp3lhruExne5S6zPJ7mkPCa81IbnB9Lv9az5IwlIWE9jRkLXLMfSsBY4vrV99bitoTQbFtZKL0lgoLNPVQIIwzr3kCGHDvtsMufEHM4ezq0RdkKZmCWSqEZC3e54UBQKPE20iTYEk0MSYuico2qzCnavFmMhpd31Wgb+y0P1ELq12OkejTkjJuHah6cKeJ8zx1ya6pR0BofBUD/l2Yhw74EAoJCggM7hRUSgLEkw2beZkIwmrYSlN4SQSFnqZ+srx2cYuddNJBtBP7H6ksajSbJalG2gjV85AYe0Avc4q5ctscdrq1cZgBvI5vEF2/jYKGsazAoKlfzZRYOuoXpOZwdG8OuYjHvAQUArrhHazFP0ucedI+mU62ZXUfi68NP1Ix9F0dfv+yTa/fPf8ULOX7yiOt+YtBdZfZA1Kh2sNFQb5/b0NnvrvTvi4T1zHt3uNUFYfVH31bFabyzv7mpZsQOkbVZ+ODwoO6u/cG+MzQ44LrvNwbU2Tuc9aPMKxf9XQZLPpQSEgpyg3Zh469YMKa4J+TNKYy2rYDSJ1xQ3Lc2WSn4/PcG3Lk/Z4+Xw7orIcKykBUImopoauKjLt9zJ9wpc6hOsFzRPYf3DLt1vy6e0zVa3bji+0MtjjQ17G5K8+5YXxCleXuyVR9aktiLYyTPHXZL0rQLOpPNUjs7098p2TNI7P2ZPL34k/XU67pik8/btVWnPGKJPGseqmL0bdWYl2V53mGwTClxJGIIuc8eeT3jmwN1bCwfUAdBoP1KCAotkyI4GBekS+MgTR9WxtRnb0yEzIbBgr6Rg0ZtpfTSgmK09MV0ezhr21SW/4n0Q2RlLX1yHbJ88m1vuBQaSfG1y7rdp9MpxWVL+3JPvS5D+EnwnDxiOQvPvhDvxFFfVVAUbnO226Xrlntrz7hgcRLV3D+BnYFLPEn/fpvn5s7a13jmg6Ys1by73dJN0e+XeqoH7VyxPMmvSt191UE186EmtoOPI/EObeiCENEXQrw+9a3vcd+4Jst7xY9G1w+1bMozFGaBMaBruBLwl98aP/IbYazZZzVLIej6hGoUcjm94geJRxqSUPMxkQyXVpvQigjqWB6SfOtP8dJXcTRlxluvyJmKr9Dk7NeYYI3iu1vc5amgnbFif+qlGtIojrlN96Y885KDjaplruadahQj+9zVKf+M2wkrd9AdPjm1Ikszxy/SLOgLvgdn9tln3eGXBzMra0z75m9uUhuJoDRpDVo2BWjdjAVd07RcQW7g1Snp/pYIUCbfPCh9QgWFjsDDIGlXOagcv32Jjr8E96ohkKh5IF8b5/CSqKGWr3+96orNXHLDiiG36Ug5+wZ7N4rcsrFJMN0oqi8YbVuB/PQJFhTzetzOaltW0iMTA4Li1H63KL12qX/6ty8ookG08aFubwdmJDSu73VzH9jlNux5y/WVCCuXh6L0Znh5p7xbW0ZL9An6hpB99ok4dmr1/lnRVOpQ/TZwoVGZMWzyHLubWvB5ZfRnrJCmQ4QYcz4a5VsEpU+YoJA28aVbkxOeZZjRRhgAL3MthIevafC7aIeoPRncPz8SVFXkW3c5f2N3qMxFG7ywlMtwWdQWYDRtJeSnT7ygOGqP24uPIAgIChMyblFvspmuWuY6QZGmHTvkuruG3NwF/rbtLe7C2Sb2g4f8tkhQlN4sL++2aDWEviHUPZt242T0u3e5dbnHACRoVGY+oBoHdjUQMBZYAZFWgdate5m2A40xX6tolG8RlD5hgkKq0LIn+uMG4H8qBmgEtAfsFDLKAIw5aBoIDq4X5VsVBKkKnMVZM/8edJu8xQn/uY22itsl0KIygdG0lZCfXlJQmIFcJyjOHagO/CufTM64zAgKLrB8nN5z+WM76gTF8JPFc/qEPEFhce6EO37ooNsQ9YnqORv37sv4Ggijb6vR8fKO6+tSo8It6mdOuFM4XI1DmbUaaA2W/NX2BeuEJRcDHBOBtArGnkWZfPOg9AkRFFhfKfCXFyRGEn8Fg4pbDYIdoXJXtcjP94R7WO7ZOR2tKkg6smvZwD6XgCYqR4j8syCL2gIUpY+et6SgMCHdZty7xx1Nl/DYOn14XW2atqg/0QbqBEUkYDPnc6aU5Pl25oDffEoFxTt7EmNmR79b86q3vHouepbe34Ldwdggk9HOjZyy6CsTkS+waRIAaAiMHa2AMCXRGGG8qFysHgqMOa7ZFZDxKPOECIp/uScJCccOStJVcfZrCKhOBBi1AWlokHLel8fcg/P1AplTex3RjVQFyaWrXk+v1aDnEiKtyHgpt2yLorYARemj560Jilzq6HabRs66vU/oHIowWU/UekER4dxB1+ktf8aCwgghaSSgWmZ/6lF3/GKY/CVEYXLa2bn5P82PeUpfkZofwniWmY+qzVvxV/jIaorBx9bXvBXmnzEoNJOvD6WPu6CQF+YlcxN1iHSrQUh7UJogqWm1iqJ8N96fagwpzVy53w3Hh/Gcjr+eyQadmhpsoecWxbi0+/0tisoEitJHz1tzuMqlWFBw74g7XNnmZt8cCQWTPuP6ipu96kBVywByuLrw+70ZrexUNIWpTg0iih2uNK3pCDlzRaimG4ergX438MSgm2mO6BNdPq/f3bSyb9zPAAVj5S3aSHbFHYnNLYTxLjPCAi2C6QjpcuWG+MBqrPi8jD3ukbdms/laKD0jKLg4Vvr3Hyb+D5xoba8jieUbAflbabnmn1JeSH197pYGg6fI56AoWjbbk9kFGuJr0/lPvPuiLer0nRDfRBGGTJ0yBmm7OWOIMUVZsffpfsYe9zEWdW2sNK4ahd0h+u7I6dhoSaGJoG2nFPJAE6+mJrLoCg3zPfm6ezRn3vyFxdFX0tvsJXDmQ4hHRCyDPBSVCTQscwHavDVMNq89uS5Eob0VE1FmO9Ww7t3aAwLJ/Vsriow9pTEmR5OvoPRxFRRLu4bjwt2x6tWq9dYS0w4qiHWWyopXDUEjWJTL97Q72r8jXn67JFKXiZvY2f92IW/R4Tyyq+ShKA20eWuY7rz2WD+f/ukH43xKfk6abBU2RizjhGv4eCAcpJFbGx9jkGuMydHkKyh9XAWFzujYfmCkGk0bNQmnEDmIWEJlUkAaKu1jPCroo2jbOPEWwUTkC9q8WUwH3qIYnPQli4koswQFbtx5gFdaOZ6dgDHIb8bkaPIVlD5ugkJLS4pexf+Q5UWLQAIiOOxqh6y3GQzvdt+4sdstejlgjYxQtoIWHGKrPH1CE1Eg3DL1zUObt4bzgZc+URTdWwcjg4kos1wL2NthDf0ArR0NHY2CNHkWa2qvKFjL12QPHrIoW+ZxExT/sSw5sRt1TdMOhIHSmW6w2kEUK4E07vUbAD+JgfvTl4GfxMnXXVfXAXe40e5Qg1B60aniCqkPip49mnyFqcZ7+sy5aA57wq18ZsA9ueUP8VfJ0ppfH4m/ZLvfOO6OfhB2TW51mYVW8tI3Qn0Gok8Jo8s3mTpfPS+aOlxXcVet2O32xqt3NUg7lx8S40Vng/CRZXMYkFDhQww0dfranfmBbcqWeVwExZtvJ0ZMgmic+Ojj6r4OOhvp2ugiYi6FJFQF63GkGvxjyfYTtWjaHVtcR2dyzkLZCgrr+vOdaTTlEBrVtwhTmfet907FjjgLn3gtnmOH2qKI/uI73XG4AJaVmTK+uO1owTuc/PrmYTS8RVMQ+hYYTb7HXx6s93vBhd4EVEIwaNcoH1u5EqBBoInzXGwTEh58oAFjUYFtGKMhlC1zaUFRRHekyzHfXpJsi8Xwwm8tgbK8w5cJByuWQGWlhbRVto4GB92WClvP+9z873oNGdEVC3vc2hfLR7v+25uzfhcijvlr/bbx1tFL3Vvdfz7e7/71rtry2njTpd+rxCfMr35ucraMt4LoI/SVUP3pWyGeOiIkQmfFLX1G/bbfLY00idAzv7Aku02dsWTT2TDJuIK0HAqx0dKOKcYk1xmjupZHIej6uGgU2tfRvTvZ4i2NglUOQu7X2R8iSCoWIcn3rDv+6h63JGcZ9JIfbHPdb/iemdkyP/xCfrSq0FmgjepbhKnCu+W378Vam9q5VcQKFiEE8XptZX0tJoqXvhKqM0QfK873hFu7JL2fyFfx0r3ZqPftbtdZ2e/WLNWKXL/bYLo1z2ZqgZYuGwS/9X6ZgpDmgzFJur//QyjbVmMWFD//ZbI087fzsgYT3wXVCgst76BdFCGbbyQw3tjvHl0cdlFe1J+NOCXeP0XqV95g4VTxEIrqW5QGJpN35MRZt/JXh9zX7k6MWHl0aSTAr71/t1v+7Ovu1zvfjf1GOFgGwx0h7i147qGjH8V+Az/f8gf3n08Nx6dV/XWD4/v+8ruV+Ev30ekcZ5YIY61vHiaSN88Riz7W3Zc/DWOL/qzq/fIYPug6q2fNVJI9Scf2uNnpfdrKD2y57DQDwulKy6LxVMTYAcFnbki06V2v1++KKttWYxYUN6cejj/8ufHrTcHciimHlYJA++5Lnx/q451ht3ihiXUwm23RaVoK8RYFyEUih1BU36I0MFm8D/xiwP3znfl2h6//cHv8HvI6y8nTH8dGS96TCAExUBAzYtuBEXfT/X2F8RwQxr80hmKLyWqrsfDSn0P1hAoD87612yni16UPHEhd14+as2e6XXd80Rjyq5pHrVyMHX34cDngPZHGYoGO24QQJIJMAfhU+CjbVmMWFJ+bm0irrZEUY8qB4RJC7cXwQsP6Uw8FpiGtCEX5xmkjR1z3qn4391f1G4tI5wvLl02NZ+ma+3and9ajYb4FaDUvh9VinAzV8bM39bl7nvx9rPVZnDz1sdvx+5FYQ7h91avu7+blO6BBLA/+n0jQ3PDgnvh5HMWnlSqVqyfSOO782Wu57c1xDUxHLFrdVsJYeek7oTp+6totcZ8LwggKuwN450rxd7s05rFzu3e4S9N7tdNX5eIa0wzGmoCvUvKMZIepfJYU0+LxdYkAueyOeo2nbFuNSVDwBaIAWMLpOI3mwxIgknxlCxlCGV6+oH4ZRL/JOaQWjDXfPIw37/rBt6tRxCzxFV8ddaT3jtf8QobfOuF+uvFgvKtwxnXFgqEsdazYHXdS+yF4M5rC3BdpcVrTt4QQ4Z1oOtLKtrIYKy99x6+bKGQnSHCwapSfcb80ikjQr6+NmVoMkdqUZMbKRAtQuRASjDMJaoBBk6m+ph9oGfAyzgC8jFGuMWYtytQXjElQ6IjARdEXTdMJGopKUFikHmoPyzVUkHSRQngVoSi9ES8qc17Uov+7eOIPTAlhvHiPvPdR9fAXSyyFMdVCYwDYZ57rfzs+Nd6/d7wJPxotEwL6wA8jbS/kkYsgG3z1WEvaKoTx4L0x0q78ekH0ubMfZ+08Qm3HszFUmqhkVU3j3LBbot276TEKyle2PyuQlEabS1jIoZFxSTpjlN+MWYuy9R2ToPjqXUklsaxqOiF1R7C8EiD6AhUV8vj2fe7hDQNx5KAQGlWQ3XSUJ0RrN+Rv+gJFz26U70Tzor4rOImlf42Ewc7h5GtBZ7lrzYHYwOzfN9GEnWTli4fijUmU+f0Pz7j5q/fX3XfhtZU4+lkexqOt8jAevEzd/DqJHn8pJ7juKz1VQ6XOVmFKoqhiMl7a81YUtlD58m6VJqHAciiaOtfkQ2G1Cni1+sGYtShb34yg4GJZeiEqHBkzL+M3Kxj8Zr2XgvM/RAgvtsiyzk7H8J8TpprvxPxnQ+mNKW/ejT9B6P7pQAi40OE1dks/R9MpbNpkEg5CS39We9/3PtZfDTlvadHKsn1i6lGebwp9L3T/0NCgW31Xel80DeuKtN6hF3vcV8SbHqNgY63MWlPvK4Q/EmmsdvDu1a74J+HOrfsUvJqpCb8Zq/xm7OqesjRqjULBc1FrgVQdgWmHP92AJPFA9bnnDrpHF/S7JesPuOFjp53bkxpzosaU1beGE27nY73uG4t73XBO1BO2tfv5iljmC9XHoih9sngxSCkgiYjVhs3bk5Ub+1WZSoQR88AfEoMc+yKu/nF9EGOWdH1MVjs3w6sgTSGiD/qIeY2h8uJIM1xk/YNS7YEDtDujD+/sJ0xUeZMvmnloKs91gDYhb2juEy/L2lyzwXfL1nfUguKmnyaHDnP4CEAAYGSROiSIVzaMoKAwjQfNSOdnn14SWm6SoUcRneph15gtfT3dsFa2cUKYDN6e371f9zXmpbN8CWjbqaBF5NH/mtOXUcdv7Kyf3//qN9nImZPRzqBZXvqUXxfILk8KCe+I615Rfz809+V6x0HBz5fpOysc2Cr4SACWSBWyAWKsITTEq70fjF2hbH1HLSi0pXz95qSQslFAzIv8cHeaM3GfoLTMnMyji+cNuuXrh9PDY8664/1DiVCZ01MXhh/YOZxPT/ckkrRs44TQal58PfxVCpZDhaVPJzFApgMteGx/WurGwqLV7Sw0y0uf8ushyvtoojEs944fvPDWqD/n+6YVlospvfWhQEBYW6F430j3ZDF2hbL1HZWgUPSfL92ezIcAag/SzS6L0VBKl1t3yFpLGPfDe/a5R+/tjYPPiL+Irrg/bAjLO1wYa7Rs0X59fBSlt5J3MBWulmz7zY8Gnp8+1QmVWGD1yU/ftD0RFq1sZ4tmeelTeatr/mHHGd4zb7u9m3e55St3uK6tR9yWAsc2ECoX40tTDEgahNKY/qBlWF7GLPcyhkHZ+o5KULBGT2ZE0SmbER0cHusNGeQ986E7vH23Wx4JDZ0nWkcdg+7BV8L5/mPOrkgchYSyZQ6hVby4Un9jSXbXLV9hQfPN6Uh/Oy9xtKO+vmbBej82jVa1s4/R8NK3bB1E9EWL8c5XfksYNSUgmJJY4aF0QcvqjGFQNt9RCYrZ6RryM71/jFc5KJhPTD2g2CK/v2ZcUYVAw0IODFaFhjSNGdf3uzUHRoK8uCdzT4gkQUHZxgmhVbzLns1G4rK+H2rL6Ux8hVVfX1h868e74gC3RRivdvYxGt6i+JrWZX688+X52CRsmjR3/FeY5qNl8FvjjjHLb8YwKJtvaUFh6dPpJhPsE80a0bRUMxGUF1n7H24b2ynPraZHnsl6NbK8rDQbjXm607eiD4Dq5TuFzVpeS5sORB+z5RdNZMRuxaiwS6I+sVzOPWgV/GbM8psx7N8bgq43rVEoSA1LdTIc2pUMVB+kF4RBhTVfph1MObR8I+QVTihKD6WF3JmhR7zlt/HO12KsvHhV+rs/aUvSfvbykcz184FwzgL0K9/tO28zGRhrO+dhtLz0MVt2kT00uLl8Ca+w2y1aMOS6R8K80h78w7xj22CkxfMXKP6LfmuZnTYvW9+mBYWOC9TBJPzvCwoKKdLSTQhlCxmCn4bHImUJESdWW4xnvj7GynvvL7LzXRkvn1hfs2qXoe+syA/710oqM016rj+x0LPZzF7H1Ttvm/pkvqMQ6GO27Ja0Ga50vu8MuzXLauEUlu8K81p/Cv5nPNr21sqHdo8iWIBC6zGWy9a3aUGhjsxxexIUWvL0Y1CImEeFkCnkufpdd0WV8NPyVjsU7Nei6LmgmXx9jIX3oaezX1SV/Z0PTrtLAh6ZRcTGpcm2ZeAZqD5SRH91Q6/bfzhx6/eXe+0qj8VkvaOi9C/fEZ5+aPWjYb5n3nYDq3rrTn3v2Hg0l1eLBHZ5FOFh203h/BEQgLHLb8Zy2fo2LSjU+fAdVydQoVBt+B+BgZYBaR4ltcei9tyzbuABPNWy0aqKKuGnyWjj09Q5P7Qxr05ZE/GFBbMfqPc5KCL5K5QZpBNJD6ZhBOScV0R2RUd7iCB2nPrb08FkvaOi9LxzS6VxF+b7Yq+b7535esF1vW7J5oPxQVZ5vGgSmlpgwESL0BSfMUdsU9kRJSi074OxXLa+TQsKpD+Z8JVTR8R1OCQIgPzSuddH7bmH3BoTOxDX1g173iushE378KOPq7w+2dUOoei5oGy+IYyW19+6zPInwK/AXi9DvzWW9snSKr50e2K0BmxWC93jE6eFA/+E+SVPNRdwZaLeEShKf2pj/vSQPprwnnB7nxl0V81LbA8xTg67m7zjMa/yzoktW2YJB6thIEisizdjl+uM5bL1bUpQHI4KQQY6gJhC2UC5FI6DVC20WaxYUBx0j3qeatBF8yqxwAjBVjBvb8fn0vV6H2UbJ4SJ4vW3jWPfAVf9qH5vRBERiMZisrQKguLY+pbZh/K57w1U3dL/3qwi4FvBlnmLyXhHoBEvfc7WSUQfTXjfdl3p/g7Fn7AxKdCqB96pPxqhUb4h/wk0GTSMEK8MmhtfzrchAvE2JShe+W2isrDOLTD/QaVB7aFgSC6rXZQTFBHOHXPDlW2uI3Dy9cWR9O3yBIbl5Yvj80BT60Ty/LRXo/n5X3ynVm6EBig6YiCPtv++fgNMq5dUGfDA1reswJJ7+pLHshvg7EYm0Op3JDTizTsJnT4q3p2dybWZa5MVH/2+4NZdbngUYRVYApXzFStHdgwiQB5/frD64REYw9yPXawIyjcjKLhYRHc+kkwjsKKG0kMkQVG01puhwUG3cU3Fzbyu1sgiNIzVgS2yHEXv3wvZbc5TmW68r/ZFgR5LjznIM47l0X+kxyX4pFBorSK77d2S1RLyiM1vL6bHJ3AMgK5/9c7pER6APmfrI6KP6p4tq2pa+EWzut3V6Rk2F0T9++G1vW51Sl0vDLgt3Qn1DdTnJYIXWyChJXWN8eYHApYvBaSVEMa0rhVRUxqFApCwCw2JxQ45vlaoPHnEi0fKhaDnBnHuRCwwOqpRilPq6HddR2oHHBNNKJNu6I0/ju3QkxDGm5doVbL7QN9JT54ajTbhfzWEf5nAMz18KtpwdEcggE2I8K2AV9Z5kQ1f2Gw7W0wkL33OltlSNVDxyQNuid+vG9G8njjSVQj6GMsGAfBb4hpaPn4WMvajYQDtJL3mR+UCXDclKJRZ/95j1bXYRoSkU+F8FL+U027Lsz3V6D8XGw2DmIMcjgLyIg3heZaH4nyL08ebV8tbIs5wBc2udFx1Tzi8H7EySf//ZjUWFoTwD11vhn5sDu619ZUBrQx9ZdG2mBeHoAuvrX19idolNNvOFhPNm3dW6RobWe3dA67zB1FfDtwXJkXprgeCgHvsjlELykUa98iVgTHM73+OhEwRVKemBIVCq6FN8Jd5UVHDgaL0JO20O7rngBuo7HaPrtzmltzb666MVLDMLtI4bPlbrkuhzRfsdpvT5z7x67C3ItGH8jD2MuejWV4C1KrM+EoABshfpEfBlaXVz4W1tu8/nnzFcbZh2dTns/TKrsQGNVpCGBECT7D1/dHT+afIh4jjB4Cd8xNV/EQaD7SV78iiDG/eR3TxqsCO5zMfuuMjx9zmDX1uYGs0DqB0LCyPacjNjQbzZTdWaqskHnSEgJY/AdoFGib7rdg2oTHLggPQ78/cmP9BBapTaUHBgbY8mACugP8hPYiMWfHQZjCI3w0b9shud1X6rDBV3JLtaQv1p7EiF+6pCoq8zs88OQ9FZQINy1yAZnjPnD2XiTXRsTRRA1G9bV0aET4IoXw5a5T0z89NvhpvH8v/quuw3Tw3+DJkd+gClQltolnBp7bgxDN7nbNEQDPt7GOieX8S9X1bZtG1BWr+WPOVhyZGY1aYZNyEdCyGAh1Lw9e5pIztPCjf0oLi9XTuxX52oEKQpvlQiIrO7oD3VG+OoS0aQF+ZX8ksFe19LBlUVz6ZzGGBjnb3qVG+RShKH0/eba9lp00r0uPp/+3eHZnrjSgvvJ+mNbYtZO32CW0CPPxCc0JKdOE13e61I0nIO0Fl8qdXZUjC7YM/nc0IGTRI0Ew7+5ho3rzxgEEzD2PNN9TGOD4iOMTLtIPrmqIoNgVjOw/iLS0oNKfBQAlUGD0I1ZbCQjSUNqzYvfA+4D21Z08SvKMSqVy7DrmjkRp2PI5m5TfOMdd9P1OSins0mqoqzY8dKNrwUmv2mPhohtd/uZu2bI39COy1RjQrDbnmP/uDP51xF0VTAfwwbFqoE7PzUeAAm/9xffPGzztN1C2BfGP38wbHD+aROrD11CRYD2imnX1MNG/evg98jvIw1nyZaiAIIOudCfhQWCcs+gBgLPObsZ0H5VtaUBBui4d+K12CU4Rf/g+RTl/GIhtKHw9iYJGHT5w6Hbp/qpGN8ER7cg23Z1uXRvTw0+ETxLWUHVqW9pcpf/Jk9hnX/TgsfIuI80vtM0RMAUP3lyFOYecZqOy6Nl1CBuSdfE6fDd0/nsQ7p91D/jN2iZSxzDVFxw9B10sLCqmk/5meX2i3BDMfYqnUX90gDUGRh7zCCUXppOWd2MTZEo14i9Aq3iu+Xzufg3kl6c2o6axSCPbZp6I559/P3+q+90jicObn+7OXagZgInn76dgBbD6NiGXzEBgUf+NFDm+Gbl1Z73jGvJroX36ZLYrSQCt4886BtUu8FmPNFw0Cu6B13YbQuFkV8bUMwFjmHsZ2HpRvaUGhXaOPpvEDMF4yB0IQIDRYOqWTW3D/RAqKPF8D9kk04i1Cq3htmQlZT3ozIe5sSHj7bK2Ra9euny++J5xoruf09NWX2a7GNKJd6cFDPsaiTUDE5QB+CIHfvnG8qXb20QrevPdoT1OziHnj2LEEkk4vsiLYT1zNbe6W+3vd0QKvTdkfIFY/mPrrw00649X/kDOWuZ+xnQfVqbSg0DIVwTot9CAfLM1w/0QKiryt5VjfG/EWoRW8xIW0Zca6T3rRyeCWtEoh2Gd/9e7anJ4vWKhMVnPhcB4f69O4I43ID5oiYJv4X2kkNNH/+G6P++bSqOM/+7p77cifqt6BeaSlvPePn8lcf7I7u4/ER1EaaAVvXhxNP+CuwOFAOzuTKaGOFjy6sT/jZ1E7BT0L8pWPEwJBQIPwj67AViEwlrmWt9UBqE6lBYVOcMY6TgG0RstXQ16YdklGlNeRQFGjg6J00hatCZ/ivWpTiWXZArSC19/7wAsm3V4rohe3Zf309GyiQtn75j28L1gmK6hwFQ8hdHShTwTUCUGCiADB9617Iz6bhCmRBRuS/OdZQrAIn7q2Zlfh2WXbOYRW8NIHbV1E9NkQhrp73dz0nkRQ1A4qrlGvWxOYJZCv2ts6XaFBMPXAiIogkblA+67kN1PmZP/SgoJTsHno9mj+KmtpHlEgf2mmircOJM4kT+yO/drlZLL30LHY8SSmD7NHvYdAGsfwh/LfEA2WRrxFaAWvLygA6fZaHv3bkh3x/RZ6diiy1XObwoPZBrWVf4IFBx7b5/g0J8d/A20CQfZSd+OdiQrUnEcnTycOVlrKg6aDoKAP2nqI6LMhDD2VCsLZg66bRYiqf1HFLVq3381PwzCEDgkiX9/z0kLl8u9hLPObsZ0H8ZYWFP/4g6QTozLyF+2Bzs7qhm8ksbCNB3L9JvKoo99tCIRO5LlSt3zq3zf1T8oei6AIxZKEdyjHuEuA1xA4cEf33LW25h4t7DuUH14QCn4IDIrSAOmNvEGlStuP03QQFPRBWw8RfTaEqqBIjxWsjhO8kqPfmx9KpnH4EPkgX9qJdBtNjmtML3QYNBqGLYPGMmM7D6pTaUEhtUUFgpSGoKBAWO41DWFuhASzjQfs3vty1Ou6sjuMY/DcvDM8aBA/X4uiNNAK3tEKin+6Mz+sYN4W50/P7nZHjWu1hVZecI/m5HEfX18U9qmQjaRsfUNQOns7QnlAu99IDKXTTVBoUPrkn/Uh+IJi+Mn09wOJAB9am023UL4ao5gE7NGCkAyZ+g00luHLg56dERRczKOLZyUS7eXK1thAyf9cJ3huXsh+trn6zxn6dV+8hXbpsoq7ZUlKC7vdZTdG96eUPfin2z3Y7T0jpc/m5EuZQvdPJfK3fuu6vRaiZWvCW+df6Sme7xOmLcRnVyYwavrpCvfu06pnw/4boyFONA/lAT35y2T51voEUGb/GVON6IO2HiL6bOj+oWcr7hLuua3HbRnqd0vTqcZl91HXQbf67uT3JT/Kr7uiyYnYkInB2I4HjV32fzCW+Z+xbZ8TotIaxUWpt96Jjz6uqvxSPeWVaZdk5DFJeh6K0kAj3ryj3I796cyE5luEsryj0SiKJP+8nxQvRV56W9hOYY2anDTuo9K3ta6d7Zx2PNrqXW9Vw9LhNOLVdNMo6IO2HiLaMgRrzLxkTm1X6ZLt0bR+z45EiESUZ6MQ6FeQBemMS7R+aRrcw1jmf8Z2HvTs0oLiwtTqzEYmRduWoAhBwgTJlYc8XqEonbS/9A7vFRHivRFvEVrB6wsKlgBJt9d84lyPPEjjKyLtk/BhPUQxRFpQpjt/ll1d2py6AIMy9T34zsl4FQDjmYXSMXza51uiM4PpJijog7YeIvpsCENDA27Tvd79HUNugPXQXdvchfHvQbcp4G3tl0krknG8GG8KArE5DHMBY5nfjO086NmlBcVffCfpiOf+/Oeq9ZRC2MA1MjwBbbXF2JmHokYHRemkafebT9PBc88XFDgVkW6vWSraJ7B+oJzPA/aIEHDh1j0MQgvKZA9L9p+RV9+dwyPxdIcVGvjmPlQ7al8Qr+7x6VNmUFkv1ukgKOiDti4i7b72EfMe2eNmK+5KR8Ut167pkWG3OJqibwisTAHlS7uEXBSYgsgJy2objGXSGdt50LNLCwplKvgrDv6yDIXmOnPcPNiGDaEo3ZbJJ6XnYaz5FqEs7x7P21DBV3G9ttdFDLo8hL4aedQX2ABEvpfdnuTrT28IS0dwIA7jIR31FaGGBgRUJzZCrXnlD/GSKzEzbZ6QTim3gLfovFjF3gT2+qMvTn0/GWDLbCmEKm8an+L4qexKYqN8rWESjZ/xh1CIfZ4KeIvKBMQ7akEBmPf4GgPX6PRSFTGw5KGoAqAo3ZbJJ6XnYaz5FqEZ3v9+TU0jYpCRzpfX1uV8ILwxQ6C+eSs10JULt8X3+V6sRVNeUJQGWsVry2wphLHmKw3V/2BzXYZgtA3rmQmKygSU76imHgJCgTValkVDXzW0Dnay5WGsjTOdpx7gX03cCZ3axNfS1uV8IPaehKADc/NIm96svweE3aJV78hHWd5RTT0K0ChfCQr5SAC0idBUBNMBmJCpx39Pt832DyTLMATNtZmLWH4hvXTUbeiVPre6M10qvbvbfUVLpRyKEjVs3vLop66tzx/q7Q/fP9Vojom+/U/zk6XkVkfMnmj6m5u6Yw9Nv+7Q9xqs1GgZ1C7hfjHdjj/ViT5o6yKiz4buHytpORZXhVA6pNAP2mrOWOY3Y5vfIeh6aUFhl0f5y/IncyGEAtLMGjIt8goASDu1fZu7PHoezwxTvsPVdF4eBXb3K5ZnXhzta/c1THdiA1gIOHfZw6NCpKhb1iGLPgda9Y58lOVtenl0HPKVS4LAmGQFRFo9GgbpaP9gQpZHCcPOQ3nBNjM9CGHhx+rDylpYwb5etyjjXFVPM643R68Z8NzPp55oPsUNVJRvQRpoFS8H/9hya4OV9tVMd/pv39lSPXzYR5m4oCzVykgn0kl0rXpHPsry+uUW0WdDGI985baAfdCfcjA+gX4D7cq1Ryz40LNLCwq5h9IA+h+g8tg1bkhBPBEmhRXsqh3tftWKXW7J4uT/+ZuPuuPDu91MhMgcInCnDAY8dzq7cAt/fVNNrcZDETwyyriVU42+dW/468n8/Yp071AecfgPUGwNkQK/tPIdWZTlpQ/acotyXbjhPXnEdT/BuaSVOBL9lfP6oz6RRONevDLdQKlwkSO1M3WVL8JAWgWkFRAbM9VqHRJm/kqXhZ5dWlDYTWG+ZyZLMVhbMZKg3gDdgyDJQ9W/PfVn37kyqeCSrTzjrOtamvxe1J8N2grI11+iFU2HTWGCtu9DOmOBuJnnw/SDMH0h+IcQhwj7BbAnoU+XcP2g6U1hg32u0z/NvAHNfyVRtZsps8YMmJBNYXabuXwkiqYWuueuRwv8KLyNMNowpsAd2ggzY2V4I8x03mYuPNefOK+J5OdAHAl7fbpRx4rf5rbF//lhOHK6iIje6zYNxgLTet9OlwOAQLPbzPt+VmyvCZEOObb54pogr0w5QvoLD2gVYEK2mdvANWgS/E8hsEhr1yiqjKB7CgPXPFtxl0b3XDAvOZyViD7wXLoqMYBtWZlWMGfH3HQOXCNwpoKNtaAo05u35x+BMB0IB6tQfeXVW0QcPQjvTzdmI5jZeJPNtrNFK3ibDVyz7r70njlDbsNwNPWOpheHORiL6cbadNPcrb1utqYlc3rjaPSAfGlXP16mJaYXaBNyxAITErjGD4Xnq/1IKSsoANdZrslDbMxM+Tkm8NSeHYngiOjyqDG0i/TSx+rDh1Gm6RwKz2LZs7VTtLBA/+G9JOBZng1mqhNRrUCovtZ3JI80pbUBau0J+mA07Sy0grfZUHhrU/vcot76abY+oKEPJiBfjUcJApHSQ2Asw9N0KDwu5pHW/Bea049xz2Z5lPVZNn9xjaWYu6Pphk5SZglM99fTYLWBLrixx62L5mnz8Z3gt6H5z4TX4ZevCW9P/oYJST4d6OlfZb8Et0ZtynXrPzCd6L6fh7eg2z0lecRRkKF7Fbp/uhB90JZfRJ8N3a9xcNNT9WmbOxPNumiLubaPMxZ1jTF544re2DMTYlxaHsYyPIxtez1EpTUKP1y/QGEUtMZfksHi2nD36MlDbs29kSp1azT9iK6d2r0jWe1In3HlyuHcgKKoojY/0XQJ129hDyX+X3P63OFIO/vwo48zm6GmA9lNY359v+mtjoVIX8H/s7A20D7/vQH3p6gtLCbjHYGyvM2G6+97tic+CKs74DN0anifW8imsD312gYgX2kUaj/AAoOfv3XxnpBw/TK66awIThvyI/xCLI1i5NQ0pGzDZnBqJJ6jbakUu3+zzu7nD824LvHey0NRGpgM3heGssYvCeSunsYrBFOJKK9g66uo7EW0KD1t7JnerB1jyVNhG1UeJuodgbK89EFbB5G/jV8Ya74SClZQCGj5XGds8jEXGMvwMLbzoHxLCwp7pKDWXyG2sFJIBIeWRkmnY2CBnch4FMCuG1uaDkcK+iAatspPBOrf/yH5ghB2ztZtqtJf35xd4bL1/Y9lxXX4zE198Q7Uj86cy3yNL7y2O95p62Oy3lEZ3sk4UlCrjFW7RDT+qpTySusQGMv8HtcjBe0hxRSG/xEQtgJMQZS5aCJ3j4LpfEixj/ujub2tg5YD2eY9Q3EKpjA98qusCqv6/v6t7O7PEP18S7JxzF/pWPp0vgEvDxP5jsrwhs53hSbykOKi1SS5KPiCYkIOKWYZj4ey+00aBcsxpKFJ2N2jLMUgRPjas4abh6LKg6J0pS14bH81X0sYAvMwHvnmYay89oQpdvXteTP5mhLP0tZvqhFb5h964WA84NEk+ZiwwY2/UnHziAhaAIFoD0imHx0dhao+0e8oD0r7yfNvZuon4gzVPIw1X8YgWgXCgCkGf7ERIkDk9OgLCu2+ZmznQfmWFhTgb+clnRVBwUvkf+Y/uKsSQYeC8r8g33OdnuxjrI0DCO9GHj5hPc/DeOSbh7Hy+nN5jtXDqEmaH5LufCCcfU6e+jgmf48Ltq48jLWd8zAevIru5tPiVUVBnLa6U+8ecjvjc24OusPp2TbCeJTZCgp97D9zY/6HHIi3tKCAcDHm4aufG4inFPyPWqN0nxTBGaerUHpD6ht0G5/tdYvv7nbf+FGf6wvcs2ZD2Mnk0zc0jiw8Venm/8oui37tztpyr41vOd3pb27ujg8nol7fXZa1NbHqoTpPN6Lv2bqI6Kuh+4cG+92Dd25J4mIaunB2t1tqljvzCDvgd6IxpmXQPJKHJjyMYf5nTOs5Ieh6UxoFp1bzcDbqaNML/hJyG2WJ1GoU2tZqLa0W9YU77Y7u2efWPDDorvL93ju2uZ1GQxIvB+5m7jP0Rs7cK69RhKL0VvH6X6Wr7qlpSOfL7lKdYObv/eAA5ec35694ganwjnyQRp+zdbE0MBjiHXEDD4RXSBKquCXbRwrzJb5EmDdLmAKkpWmz3TUF0yGgfJsSFJy4zcN/+PPEyCZVxhLTDQs5XoWmH5nKn3zddd6efVaWKlWXVWB58wyaT5ulOouiRgdF6a3ixY/iH7z4mUztBDuXn45EeDvq+7s3608j48PTqnb2MVZe+pxfH4g+GuQ9tMvN1D33DrnlK3qrofmrNHuH6woKmQTcw1jMQyhfxjB8dz6Sb8sD4m1KULzy28Q3XO60aAxMPejAGE2Y9wC0CuuARSW0dGpRq8AJN3C/1zgpXb5g0C3p2ud2DidBTARbedbZQ7x5rqmhhrMoSm8lb+V379fVicN+hbInn0812jWcnP5Fff00rZy0sp0txsqbFwOUPhri1YlgV9yXDFgdJdix7og7XBlKgzpV3OIN+flyvy8oNAZZhcQj0x9/jGH4HsrZ4SuozE0JCr5yPPySuTWjjNIQEkw/7MYUVJ1yy6PDbknKQ5jyuU/sc3sPjbi+AilqG50vkPK09Ll54UawvCEUpbea98kt2XgM0NM9NQcZu0oy1Qn/CB3o07enfhu21Zha3c7CWHnpc369oLCWdCw9y6Pi5j+bpCWhFiquM95kqvTEtTsETe99QaHFBhGrklZYMIa5zonyRVCZmxIU4K9uSLQEeZjhW+77TrA8g4ZBwRo1bIKaoJhfqYWzKsfr4lUBm78lVFsfRc8FZfMNYSJ4GUB+vZYaV/pQ+lQjpqSsbADK7qf7IfMmo53BWHh/sTFfw9PKVRaH3Jr46MBet/RF0t5yXfH0e9B1x/sW9Fvp9ZBPU2jqwcebKT+LCdwj+4Q8mhnLZevbtKCQUOje/V6cMf9DSDDrui0NA2srKlDx1OOIW3Nr8pwkaE2Cokr4aTSUymLpwQ1vpnfUUPRc0Ey+PiaKN7RBDIPn28cSgf3oswPu6w3iPEwGEWwGY6UQOo6ArQA+Jqudx8LL2St+3SAN4nreYbc83dfEhi83si85VnDhHnfUnXXHt6bxZLFR5OQrQRH7NO3/IHZ6ZNzxv6DVR2lsjF1+M5bL1rdpQUFYeTJhAMpPAu1BQEAgGLhuyaqVgn0uczPC4s1YuNsdTlc34vQzH7qjw8NuQ9eQm7ug4hZVEndTv4J5W84xIvnweX0UpU8mr78HAsLg2bvn/Tj95OmPc7c3TwZhjX/tSOIP8MbbJ+s0T+janFgIY22rIkwUr3XBt6St5fW8tanFhUsiQbFrWzU0pKWZXUdy88UWkRekmA8JkCuDFhQYu/zWERFFUHpGUHCxEd2XBtGgE/h+EvoNUXgKiEMWv1nDZb3Xf16NBt26+7rjteQLb664hcsq7huz69eWL1jYG/SnUD4hYt+Hf/90pcfSkOs+3XRfn9u0JannU5EKfN2Pw3tgWkH/clePe6irtv6PwfuzN9Z3ZnwndM90J/qYXz8RfTPEE9OLvW7WjVvcNasHasFrDF04u+LW9gX4PMIEQDsz5kTycZKg0BZ0Lacylu0ziqhpjeLN6MtAJhhDZEiRnwS/0RyYgmiqAa80D1+rsM9FunaviDSK6D7uzaU5O+Lt6FneBP5yoihvD0IeitKnAu/uN467yxfUrxgw/bMHGWOfYUdmmQOMx4M4TlAh9sGDTw24f8sJVEM07Va0VQgTwUsfC9WTPik0yvfwun53pfyHrqu42asOuKPJyY25vGgUjz+fTDtC03sgwcA0BciQyVguW9+mBQVQRqiTKoTvJ2EFBZXhHuZRFtnnnogFBff5dMnN/VGH3+2697xVPZMxVMGQkQzCDdoixGtRlD5VePOmeBBzYqzswsuVrfGRhSHVf6z0d9+rxB8A/CKE375+3M3L2d9BGdRhW9VWPiaClz4Wqq81Oo93vtpaHiI+3rQ1JI9M+gxjlv+1clk231EJitlpUFvmzOzS5H/mQwgEzjZEIEh7EK9C+Fup5z9XIb9iwdC1z63dMOBOpRLVR6iCRQfe2tWPEK9FUfpU48U+ZJekLdF5cZKzkdAJs1fZ/X58dCGGRe4hXCHb2kPPgDhVnAODOQuUY/54t5u2HY13hapc746ccT+PhNG3liXr8yEq1iizmIi2EsabN+Q0JqJPCuOdL89HiyS6FR8HSOPMJzlCys7FGAZl8x2VoFidrnbcsfrVOM1fccB/wn41sMSqMxcJCnfuREYw1KUb5KXlxZnEyCcUPReMJl9hMnj5UhTZJGZcuyXWPrb89r2geqpnYwzlWUxt0ArweahE8+M8EDqfkPy49ued2gYhXNQfLCajrcB48+YZkP0zPMYzX612+KEeQsBGItyxKtFCGcOgbL6jEhSSoOxnJ43Ox9cCrUJLpFxjHsrXSg3XzBcFFKXnpeWtftCRdbzyROQrTCYv7+X7j4e33YvQDrAboPkxXeQ9NZMvodyIGfGdFb+tHjOZRxg1rc3Cx1jrm4dW8tKn8oSkH0h3PPNFkyQPxpTSeJfyxuSvpp+WVzEopGGXzXdUggLoiEFOpLZIhMabVfdtCAGC8PBRtpAh5KWRj/L1SXs/JiJfYSrw0gnuWnsgd0riEwfnEmHq0tsG3T/d+Zt40xmEJyU7PIlcVXZvyUWzeuIpDQKiVfX10UrevL0dkN/nE9734iXRixcMua7tyfk1oNl8ERDkYQUF8LV7q3HIPmGPECybb2lB4dM370k6zj2ra0ssOAXZw0ZYNmV+TBrqDz7n+j022ur6KoOxi3coXQZWn1jnDt1/vlJ/1D4P/GIg3oL8P6+f2JUPtIclj/VXl2g/KZTnO0EfDN0/9EKPu8Lcd+F13W7+431uy0Dg3gLylzwt4YaA7ZAwldyj64xVfjN27f2iEHR91BrFU5VEkhKWHCjCFfYJpJykqe/ibX3O8won1Kefdsf37HFLFiTP0kFBPvL2fkByTipCUfp05cWFmA1lvBticP7P6Msfap+yxDvlWfhLTFTA2CJMBV76UqhtILvqJMB7vDLkLgkdzH1Nt5v7xAF3OF3V8+GXSxoFxA5t3gfTSbR5jT2li1f7ghi7Qtn6jlpQYD0nU9RWwP+ouhIC/KXgKqyssvxPJUHZQrpzx9xwZYebe3PaqKKOITcQiuUf4e/mhSX9ddE0qHS+AZxPvG8fOxUbxTgzY8Wzr8c+F0wbvhMJEujm6P/v/rjX/ejp12P/DFZL3nwnG+Oj1WUWpgIvfSnUx75sjiywqPKeesvt7BpyM3PioF7Vub/qnSz45WJ8MaXnw2x5+c3qI+n8ZlVEvH/53WRM6IApULa+oxYU4Kt3bYszxndcyzKybus3HprajCL7AfYLKtKwkH39hQ16wXWDblNOAGGmOUGeiNZumJ5BUYrQ5q2hFbzE9wz1Lejxl2pObxZ1z877AM7e5nZ6H8BGZWbcQfpQa1WEjzPp2t/BmLUoei5Q+pgExf3rEvWHL5GssKhAAKFAYX1eOYkULuscO+S6V/VXjxSso9n9bv6afncqPyZoHE0ozxpNOLkiFDVeURpo89ZwPvPemHNANn2OqGv1OO36+vK2dI+41XfXnsHeDh/Kl3GmhQKm8WyowzbIVAdNQvBXRRij/GbMWpSt75gEBevtZM5JTkB74KVVAIyYknKA/1GPqGz9c992m1ZEadEzeI5PF1c1i3533yuNK2jncT7lndgEihqvKA20eWs4X3nzTqiDNK32cXxzpOFGH76Ozj1ub7rj1yI5ub/iOitvVd22LVQu2QI11kLEPVrxYgkcXsYovxmzFmXqC8YkKMDn5iaW1a37P8hoFdbJCu1BQNNQZa0jSIxzr7vO2fUVn7lil9vJLkQTNuyK+/MjGgPKPHLibHVe5lOZE5xDKNuwIbR5s5iuvDrZ3yfsdfS5Opw7VA2jILrkB9tcdzVq21m38cFkHM19OTyXJl9N3ZlOCHyU2YzJGOO6tVnoPo5N4Pff31Gv0ZRtqzELCkWMVhxN34UU91K0CMj6V+BSGnru0fW1il6xuNcNj9iGNyHzOiq5hkygZ694Ll+r8PenCEX1LUoDbd4azkdebVkI0S0P5ERzO3XQPZqu1Pl08ZyKu3JexV2U/l6yPSBoIlAuO52waFTmGyItHT6770Qo21YZQcHFZunnv0yk1WfS8Pis4Wq7q9Z4l0USTx6aGDe1/TVIfb1uVmqbuPCuwJbyZyrV4KPfWFm/huxTdzQvzNuvz7JSiKdNbcojBYv2iT5GXwvxJLTV9b3Y6xbO764KhTqaw4n+Id6E5DuBsNI1/pfvEn+xV1geiLFJOmPVTytLY9YoSPvHHyRbnrGsWmBcIcJV3AgRWQ9N0uxmpRrOur2P6WV0uw11mth7boMMP5yAnmPQtGV++IWwWze0alP9ITON6luENm8N5xsvfSXUhyD6WOl8MdZHH88rjbH+okirGHg3rE0AeOVeoDEkMPVQGqRVRqDVDsZoCGXLPC6C4oE0Yo6Nes0+DxWc6YgMnKj7sl0gAa2ltopje9zslPfyzmHnzzBOVRJ+aOayJPLV5ddtcVeuqt3rl/lLt4djVXDq9FvvZ3NoVN8iDA31VcObiZYnQctL8I4l3086by2snN/uPkaTL30k74Ry+hao5z3rTn04Ul2dq0vfvcNdGvF3rHursEyAdAkDVjqYxmMHZPyIl/9Jl20CKCo4YzSEMvmCcREUCmbDWYYnPvo4lmj8xrCCtBNs/AS0C/5aJ60aTridnbWXcvGcfrdo5ZCbHUldBIKu11N/VQPxy7yu/+3A/QnNezgb1r9RfYuAoKhGFE+pJYKir891puvxHRuPplcTTGi+fvqp4Wo5Zj5ULhR8CM2XuV5QLKmPghhjNPnSR+yzLdG3QB3vW7tdR5Q+4/p+t2TzwdhNO4s0qPSK/fEUuwg8m49taLUDGwTgI8xv2TAYizpflDEaQlFbAKWPi6AAOtaeE4i0LInxhXQEgVY6EB4yImpPhl0VqeLksLtpVrZBylDH+pyXFgHX5RAPtGHrO+ld5eqbh5qg6HVd3vlDjXlHm+/ZOIxgXJcmnXXA6PP108+64SdTY3RUDkK4FWH88rWI+k36TsdLUNA31E98ok8JWd5oCr3K00AiQTb3if01A/1wuoq3YLfb3ER90RwYYxDaAzY/IB8lTT10GhhHUuahqC2A0sdNUDw/kHyxCWaL5ON/tAWMm4AK+btISdNyTmgKMvRij5tdoEHMuL7irrx7yC0n+hUHu44UqHkRfvdGfoARguUc+zBZwC5T3zxMiqA4ub9qAJagtJiwfCNk0qNyLDLlaFm+GYyvoKBP0DfUT3yiTwlZ3rPxAT5X5fTfS26uVP2FZkTT67wy8ZHF3YBpOn/Ryply2HEkXn2MNZZ0gt7yNfmuBEVtAZQ+boICaOv59gMj1fkUlto8wCt1iUr6iJ995m23c/0Ot3zltoh2RdJ92A2/c8z11alxWeSVedkzr8f5hUhTkLL1DaH1giL7Ffe1CTAx+SaopdeXozX5+hhfQVE05aAvWQSfe+6EO9y/w82Nz+8IUdRPjuRvZ1C8We0EtcSHmP1UrHzIx4KpCWAM8psx2Ux9fSi9tKAoQ/Kp6FiabC/XsiT/oz2wdMMqiN0ay//cQ0Nwj33eRNEXvxc2SkF22/zoqC/tqN1u6aZQ+jjTK73u6vQrXma5eMJoqpSj2v7J6Vrhe8qRtmWHiD4U4smnaAxs6HXzb9tSWx69ptstfCZ/yZLxoPz0G6GATSIkOCA+zNzLGOQ3Y9I+s4hC0PVx1SheNyc5vztyumrURPLJ0QqJJ+OlDrVh+hGcepTMN4SidA7LUTlDxIlPeWicbys1CrOU/N2K21tiqTiE5vOtIUk35Zi9o1qOic83hPHRKIriYEJsMfdRusxnPnTHR7In2IV4pW0zZQ+lM464B+GABo/2wTXGnsrJmCwqV9kyj6ugAAq8+5P1yXKMjjODVBGEgjVuhoQEGI8KhkDa0qfDEbshnGo+Phfa2FMm3xYKimP73FzzFc/DuOdrEKebcszeXPOlmfB8gxi7oODdX7ko2RkdIvpOCKMvczjNXxQAjB8+utgrcEHgt8/L2IOvTADdojSg9HEXFArmkRcOnMpJu/jSLZWqUQYDDYYaKi40k6+PMrwzF4fPnIBGfxJ6qwSFsarPKT4Wf3zzzQKV2pbDajUTm29e+tgFRd6J5NAVd1TSO+sx+jKH02Tn84WB7BYQ2rrvuKjjNKT1NJuvhdLHXVAA4i1SUJZnlE5lcRRRBZGWpLFCQmV1HWEhNJuvRRnevQc/dP8tzTdEozu3tEWCwjilzX25OD7luObrYeiVnkw5LCY039z0sQmKvPNDIfpK3UZGg/GsL+NF+aJ9x67Z5jxRPrDyRZIfBdCSKGNQaCZfH0qfEEGxYTBZKv3ygsRIQqU11cBLU1MNewQha8ByJkHVAs3ma1GWlwN0VYYQsexr0Tjf1ggK2QQuvntPHA2pGV4fY+Ht+lHSTiqHxUTmm58+ekGhJf48oq9MTJnDaXxEpVWI+Khq/GiTmF1ZZMxxjTEojEeZJ0RQAO3/YEOYNcoIqiQkwUAD6Br/j0cFQ/DTFq1JgnrkUf++2oaTxvlKUNQo5Jm5c2X2npiu63b/5l+LiK3HY62vDlfKUq+7IbUtWLr0p0OxR6F/PbQFulG+PoL1ntUXrPes+2v2rRrllPmxHWPyzOQdW16f6COg2fpalOHlo8o03NcecKpi/PAxlUOVNApWDgF8/Pb3dYxHmSdMUCj47pdurVQFALYJGgJQSZZ45KUpaKUEDWQ8KhhCKO2bS/NPuCJq0b5DZc9BKLfXoy0oDE2QoCi714N3mxcNDaJvCM3W16IML0ZKmzfTdQQAS6MWmpqwGCBeae02eC4YjzJnBAUXx5M+PzdRj9EqtCceP4rQvZbk2m230040/eqVrblr09Df3NR9Xp2K3qaEeKe829A7h+gT9I0Q73gT/Z08ieHi+0rgmcmxCxoTmrazqshvxhi/GXP2meNFE6ZRAGkVqEJIQNkgMGQCDENIULvXA+2DeRiSMrwNPUFRvmA0Zd722geFxs0rvp8IlCKMtq1Am7eGVvCyI5R3GnrXEH2BPmExkWWWNmG1bP63qxwQ40MLAJqiX5FO9X1tAoxHmSdUUIAv3pJoFVhjqZT2dthQ/hIUNIqWTu3acQhlKxhCUdrGofwNQBBLuv62dIvJKDNo89ZQhpd3yElooXcsoi/4mKgy81EkT7lg+2DqwZhgyq4xpA+uPEg55S2E8SjzhAuK+9amKtH3Bty5P/85rqwqiou3Ksv+eq5BEhz+vMyibAVDaMS7eFVoPl8jvkIH38kGDxHGkm+bt4aJ5GW6UaRJQE/8umTIfYOxlFlTc40HgVVCtAemHXYjmP5nTH32xmSKYlc6LMajzBMuKEjXEo+8NQFLPxIENk6FVkAQHMzL7HKQRdkKhlCGN++wY9EXb6NcWTdcMNZ889DmzWK0vLyzIpsE5B8ubDFRZcYuQd44JFrYDyvatj8W5IXJGMvDeJS5JYJC3poE0bBqO4JCllpULhoBW4bmajLm0ED+6kjZCoZQlrcoMC+EpdwunYLxyDeENm8Wo+HlXRWtbkC5AXJTTFSZWf5UGejvfDz5mALGhOJlWnseY0mBaUJ7T4TxKHNLBAXgeDoqdMfqxPOSyitQKdKQ30Dem6hcmpfx25emZfMNoRneom3pIuuUNV75+mjzZtEsbyNnKoh3PZllRjDIN0KkD6RWREgXGEtcu/reiT/QqrSgGCs9v7nmpr36uYFqxe2pz1rywWCIkNB1bSwjkre93iriK6Oy5xGuvyHeNk0+Fblli3jHId6JJH0o6deMA4VfwLDJWECL0DUFqdZvxpDKztjSM8dCIeh6yzQKoCMIibyDMYb/raaAs5V2mALLqyUiGXuayTeDcyfcxmd73RoC4Tyx2w28Uc6JqJHNAmIz0eDW/HKNuswR2rxZlOFlF2jRBi+RtUm0qsz0Y/JGm5bbAIRNDgcrC8YHaXZFRNGrGFOtKHNLBQX4h/nJMtCjLx6qzssQFhIOIJ6TRYLB8srgKWNns/my2/L4q7vdfP9A2IguX7rbDZvYo3nPxhLu8/rEV4JYBiE0X+Ya2rxZNOLlHRRtFRf5qxutKDMfSfo8+Wv1Ag3CHp6F7U4CQx9JuW4zdvjNWAKtKHPLBcWm7UfjSmKEYZlKjUDDICCQnnImEa+EBA0pNJXvOwdcZ85JTVWaM+S603MVip59/88HCp2yRPiN+GiqzB7avFkUpRdFphLxDpv1kwDjUWYMkpSBvi8ozd8IprGAKwHj4+A7J6sGTMYSaEWZWy4ogNTBb0TzMiBJSqNI0tKY8EpIsESkKUrI991HnO/IEde9Knzo8cULhuI4nEsWV9wMXZ+zzQ2M5McvBKThrWfVxTwi3qIC9oKi54JG+RahzZsEwi2KcSliNc33uBRaUWZfmwDYJXAJ0GYw+jqChH4PoXGAWQ8kxk7GkNCKMk+KoDg6ctr91Q1JY+FyiqSUtZdGkYqFk4mu0XDcp6VTVHx+B3HumOvq7M6cxCSacfOgW5rutktw1h3e2F8TJpGwWNvbuL5/fP9U4UYyERGcdRTAaNpKaPNm4afTxkXRskW8syI3/Opzz52I+lfg1PExlln2Bvqx7b8ICvp5KA3Aqy0RjB3GkFAm3zyU5Z0UQQGe7kkqfdH1PVXJahvH1yRIsz4X/LWG0CpOHXBL8kL8X9fvug6FNIZIWKzvr2oWF86uuJ3h81LqeBttURfxpWvvE8liPHjxJSijRUClt4qPvO46b494OqL+cqR+wOahTJnpx9Kg6b9oEVwjjb4sYWGXQcELkSBhrJDG2LEok28eyvJOmqAA37wnqbjfKNpqzjKpBIGEhOZ1WjKtFxYjbufKirswSiOdQ1c67u13l+v3nCH3cNToWUSC4uXB2j0RzVi6zx1PUy1C9SGgSRm7xYXXhM86FSaqnc9XXtoy75g/S7wb3pFQ9Oy+9d5ZMpGGaT8aoy0zHpe4BAAEg+wUEH3YpmlqYqEd1Tf9dG96pYYybZWHsrwZQcHFVtLm7q3u4lmJYWbRyiRMvsL3Y7yRz4S80nz/CvnH4+qN6qbrQ0ODrmtZt/vKwh7XFeVBXMeNq7rdF6J7uf+CWRW3Or7OvVHaQ94J05FwueWp5tam2QlLPMXqMwqIaZO2C7epeaLt5IPQiHgnvJvQc+ro2Yq7LDBdvfDWHrex4JTxIqK/2rLiM8GWcNLos3zwcN/WdnH1f+woegZjg2uMFcaMrreSJlWjIO2X5ri2Xa8fr64v2+VRrMDWexMoTffLriHU51tvi9gZPS9zDeqoxEIiD0X1AXPTs03K0DX37Xa/MUa1omc3yveTwEtb0WahtgxRs9GyT/UP1TRRj3RYdrNllqcxmrC0YAjDvVy0gXhlg5MbAGNCPIyVEIrKBJots4XSJ11QgLvWHIgb4iuLtmXmcBgzfWAV1pyOv5qSWCECwvkmtgh1hhmRilld8YA6IhVw90ipMueBdPzu/+kHSbnK0I0P7nE7fj/2fPMw3XlpG9oo1HYh4nCeUe19OHWgejQj9olFK7JaS8f65mJm4n4NHzY19VmmyXb5E0GCjY40bVewbgCMCa7NWl4/FoSiMoFmyuxD6VNCUICv3pU0yPcf358x6qBZACsUSIdX0lobZaywyM/3rNvY2Z0VEFDUMdYcGInvKFvmEGx6mX0ilv71rp7cDt5Mvj6mKy9tcZ2396ERjW2/xlnXtbT2rEW9w65zjn1+xd3UhLYpHwhpDjYdIWKX2Imy7d/PWOA3Y6OoTqOvb3neKSMo7MlMCnKjIwkRFhISMnxq6RTpi4DgflmRQX6+I/HJ31lNgtWQBstNR3a7juhrc9ndve5ozTWiDj4vh9gWnaIeoq8v3h5btu0RREXtCIrSpxMvdabuXy5p7xHRxjowuHG+W93xN4bd3iMn0is1DD1TcZemz5xx/wF3Kn3v1bw6ul13iRUxTYmtoZ50hABBm+ivgPv0UYT00VPYfYixUVSnxvUdO++UERRA68QQ81GMPZqGQDQ6QkEqmpZOJSR0H5IZo1A9Tri9T/Rm56FllsBODrsl5suStyIC8uq7rv9t97c3J4KvLLEl+p6oUzXqKKCZdvYxFXipI3VttA3cpy/dvjVuW4vifKMPxf3dVbvUVasOZAQ/wZE7Z+v5g677VDQj2b4tuyK2cHfd0QTA5qtVDWuLIF19F5IdAuBQJSFB39c9Cm1XVKfi+o4P75QSFODutYm94ku3D7qXK8kyJoJA2235X43I/3ZKgnSWS3jy2z/A55jbZFRL/Co2eEICZMs14rpXGJ6I/INuLBrV9+EXDmaEWln6h9sq7pFfHTqvImvhwk+dvnZ3ssGpGULbpC1DyM33zBG3YWlAU7mu13Wmwgbew12195NEHs/62UAyblqwwvHyzlrcFLsEyjSZDx9AQEiLUL9Wmd//8Ezc90ljLAhjaefx4C0tKFpJX/1Bsmb89YXZiN28CJZCSUMCc01Lpywx6T7SuAaRrusxDfS7pbdGabO63YMvNlpq2hrbM6wG8oXFfa4veG956u7bGm9r/tS1tec2Q6jlbJ3mMOXQ86cyPRWVmbI3O7UQ0Wa0HW0Yen4+DbgHvx9+puiieRW3mmX2F3rcFbp+W4/bEvMPurWLa/eyZLrZPJ8+p77JEqiWv/mrAEykq99ynWt+/6TPc50xYK+3gkLQ9SmnUYC3j52uGnoWPZF40wFrvIQXbYLfslNYsHaO1Obr7WNocNCdKmFnOLUrq3JesGB3vJ5ehGbqO3LibKwFNatuW/rcvIHY73/pz/rdG38MT56LygSaKbOPRryUCZsDZaSsoTqUIdqItqLN9Ow85KVxtknGNnVrNGCXmb0+UMcWN3/9frdmoa5FWqciEZx7y9132xZ35bJ9mamHVjcgpsf6n/5Kv4RYvsdpSv3UXwalzPR1rtH3GQMWo6mvMB68U1JQADtPeyhVMaWuMeWAl0ZmqqHGt8ICQYGQoNF9lCqzZ5eQLaOQ9+TojE5nP/6ze/ylI+7voi9aNb9REvsd6Kw/iaZddGCmKqXqm4NmeMmLPMmbMnz6huZsMiH68veH4rahjSxGV+YRt7PTX/I8kht+QFR0Qjt9TlNJtAWATUK2NdL86YU8j+0y6PcfrvnfWN8aYXT1TTAevFNWUIDla2pTCHaMyhBE4+ulCKyMWAuzvOEkse1OvYZlHoyEQvWLAlXcku35S6enDuxyc6+v3T/z3h2uu2RAHAvSmeNKcxovwnWc0PTsPMRgiOszm6iIIYnQZe587E9n3Eenz8XBXgT+7+0fitNoP+6FB16ewbPYAcyzy7hSN0N8fe1830dRWw5197kNnYNu0SuBqNSRVhBPPat5pe/23DG3d/1g0DMTTTLZ0F2fr6/lCggQa6NgpYOpM+0owUJ7Avq27vPPuhUK61uQBsaDd0oLCtIffiEJ0gF1736vKiwgGh9IQuPIArQ0pd/i4aXKuSUfZ+PlU+UBXf5YQQSkY/vc3FDniujiBdvcwDuj2+VHOYm89I9NOG5Nd6Ku1LnxO8ppyzSsQNUdf/YOV78zIuLt7Qtqi3FaJGS6PIPnjHtrq1w2XzQH0qUZKA0hoaAzaBPShLFdWMM7oE8rH/p6HoraY1RtlaIs75QXFODeXySS+S+/W3E7h0figS8fC831tFSql0e6voL8tnTjimxELQuWwqp7QiLyl8L8Mvtnen5lfreb6e1enblijzt8ZvRthRsvruGKDnY+EXVa2jUc19GiqbY687YbiDRMP6zAVU+8XrcyAWJe3z8i3fyVPPe0O9q/zXVEWuIli6P3n1k+reVL/4JX0wul6cOl7eKQXY3TB4y+TJ/m2pz78j0vQaa+HorSwHjwTgtBAdTQl8ztd68dSdRlriEgsEMgEHgh8m5jamJ/I0B4gZLuvFypfjUcdRvslMPbOQj8Mh9dnzwvpqX74xURd+a9WI21HXfGzcVxLkCZttp78MP4q2vdgKcbUXbqgB0pD6X6RtzOQ3WC+YqFPW6vZwy00LND/hFFxmr6C1oBmixCAkgoQNpyQL/T+0GD4DfAt0dTYfowfZl76Mel6puDVvBOG0EBZqXzQdaZWYP3oTkhtgp4/SkI4AVryy5CpA4jr6eGrZpdwqKuzId2uZnRs3gePLN+ZoynI9FgMGrsJYv7gl84odm2+vCjj+N5/JKnhkvvXJ0MIhAsZaSslFlotr5VnDvm1j1ecVd5AuLKxTviqV4hb4Raer1/BMvfoXeEkJBtQSQ/HQa/PkDacgD0cZNwUL6Es5OvBH0alC9zPVrBmxEUXJzq9LU700E+rxIH89B1NAyus2atrehIf64pxLklCYvgFuTBQbelUtZHod7X4ppVyVp5TIN9bv53ldbtHuy2vONLA9HXcM2GwfhIxGt/1BsLD03RWkHkRZ7kTRkoC2UKlXX01O+WeisUsf/Di977GhhwXZ2VaCrYaIv4oFt9t3nerIpb591jt4qzA5Q+o3YljD7pED4RXKcvwqdtBgSR1rPos1rdoi/r+lSnaaVRgFNnzlXtEpySLhVQ0ltLUbw4NAlJc6l/QELFLk9ZNCzzyWHXuaDXLVp/0B2P7Rcjbu9jvZkv0+yNCpRipzPdrqv+sOkqxruthE1btsZLbrg6o/IT6emGB/fE7YMB8bORQMVP4S+vq1QDt0L8j4MTaZ+PpnfcCw+8PINnsTLFs9/5oF7VH0uZ89NOuIH7a+18Qcdgdu9FQNtY1J/d01H37Oh9Lo+Ez4yFu9w6b3pIv5EB0k4RuK4lUNLphzaNfkca02L1PYQEfZbr9GH6slDUFqAovRW8005QgBOnPnb/nJ7V+OUFHBh8sjpX9A1LgN9cl9DQYSr6zZwTldH65OeBtOMvJ2ojdPkTWhE57Q6vq21hhzrWpaHg333drVlWcZ++rae6zBZCo3yLcN7x9vW7vZt3uTVbAy321m4z3YumNk+yWlAzQOo6xMrTTm+lupky66Ok6atNRwDIwYr+JZuLNaCrT9FHpUn8+5KdcR+2GFNbtYB3WgoK0NM3VH2JzPcwDtl1a3nBQZpb8gIRGvwvRyzLA2G3IAJRHijTqd6aoLhgxX4zpz0bR9KyBjJiGAiT1VbThvfkW27n+m1u7q1bagKXJc66DVgnMu7UBBua6U1HLp435LperfdlAc2UGQHB8/gQAaXTj7QEavsQIe9kQNcSKH1TNgn6rC8kQNNtZdAK3mkrKEhDdfuPZckWbizILDfxAu3Khr9ubVdBtLzF/fBJlYR4oVIZLeIynTto4hRU3KKKPXt0qzsaqa81YdHr1qTL42OtbxGmJ+9Wd+rdQ25g/ZCbnYn7UKOL5+0KCIqI95UeNztwP1HWFz/lC/pI29i+yy26e8htiuR2Xrl439gVePfy0eHjov4Uh9NPedVXZLyk/1h7ENMUQJ/U6gY2CTvdsJjYdh4777QWFIJWQ1iTxoGFF67NYvalaRUEbQPIriEhApiOaBOPtWALypelNbv8yTkhG6IvWJJ+IuMqfGnqsDX2+p51pz485o4OH3KHR45F9SznzDX2fPPRPO9pd+rQQbehq35ZU3TxvEF3S2evG363Pl6EgJDZ+1itjSHsQqeicVjLl9Ph9rgl5vCnGSuHg+UKrWpor4YVFloC5SOjawgJgF0M7ULTDfqi/CToo823VQ2TzXteCAqgQQ+hEpLOy5Sx005BMGbqNy+b/y3g5T7NSy1svqcO1O8RuOyOituwdX/2ZLLOJHZjUX1AUTpu5Zv8DUzQdRV31b1DbiEDK8d3YEz5jjPv8cpgfR0spd6UpfI9ud8tMsL60mpcy0hTOXLAdf4gEgzm2TOu73ePBkIdWiHBR4Q+Yw2VEhZMV7kmwcA1fofsF9YtWx+qojqVqm8OWsFbWlBMB8K7TS+HTTY2TRqGtvUq2rG/zRfCWYs0onzzmy3BWvKqo8FkGe6Ka2od0qerV4094vbG+8stcxKBa/O4L0kW0VbX1z3gNm/oc6vX9rrFSypu6eN9bt2vc5aXzRbuL9wW3bu2z21+tsddZuqweEOAL0hbPXf7brcwet7iO42NA7qm2920ss9tCbQLBkhtD1ckbAjtgKjvXGdp1C6B8pd7tPypfiKyG7zokzZtKlMIun7eaBSC3Rtit6jrC4FaCC9fCRmo+DJoHwiQ/wXXuabnMXfF0OlrIDFSN2J/U9GVkaorY+fo63vILb6x9szLOw+4oyNH3fCufW7NA4PuKm9+H3Y7/8jtfKLXXRnN05ev3OE2pPFBQTbfZHpznKnNSN5uWFYYmPNXsscceHRZNCe3hz8nSJ7PNv/asw+5NfNqfFc+eaigLRJU008dyGgVGeqouPldw3WhC+2zpSWEvvq8Z1+zULqWP9FI1W9I01ZxyN+7YZ/toygNTDbveScoADvw9LK+s+K3cdQg39VWLxfI4IlgUAeQOqkpjTV0oqba5VQLnLWODg+7ga0H6mIyjr6+WUExc1X9Hoahl3rdomoIt6zvgJ7Lak1VFTf+Bzbfo78yxxdE9+AglsG5t9wG66DUgC6NypoHm2/G3jBvV+z0VIRMma0bPRQJjg4vxJ2AQdK+f9mt+FAAPZfpBX3BFxZoE+ojEP8D+piCzkChXaC2zD6K0sBk856XggL87PnB6teCpSmcghAWMkAx2Ok0WLf5LcGgJVeEAMT/WkpFkKCe6hmQj4mq7+bO7NQD6/6a7Xa1JRTCLUHtue+5TffWnqFdsdV0b6NUx8a368rE2Rc1YVNxVy/rdQO7DkUaTqIlxNrGr4xAWrgn13ck8+w9O6pBbVkpWvxCfluADO+516txLq9atd+t66537+fdacUL4v1zDUgQIPz1XPUdX1hI26QPiJ++peVP+ELxJIDflhZFaWCyec9bQUE6UYK+9ePaQcJENualM8+0g10vXYKBsHpA2oSmKIDnquPA52OsZc4Drsa+9yckf4GE97Q7Hmszw+6wUfkzzx22e1N63ZrhVJ2ONIUuuzqQ+of4ZQpugqvD2TjK9doNA6nwCCPzbDPYoZmd+b4swC+Xe+dQ1Zjrp1kNgA+C7FUQ79wKAuwNAI2C3wgUtA/uUX+wQsJGyyZ8nR+ZyqKuzAZFaWCyec9rQSEoYC/EWQmk8eIRAKieUkPlZaegOHQqOgX3CuLlPmkhdBq0E/6OV5l9JGkMQG9FJSX2O9jYFxbZ557NqPnEWtjiLzWaXbN+mfxt9Z+e3e0WrdzmlnftS6Zbh4654x8m057m6huVa5WdfoyPF6uEBO9R0wTSdd0KAgkLQdMS+6HAqK3+onM3IPpYc/XNYqrzfiIEBbBHAfz9rZW6+Aca/KiO4kVwyMdCKihp6mSsmQNNVyAs6KiwoehMzZY5xqmD7tF7B91Ny3rcznclsPIERskdr96y4tV3V4yDWPYZ9bxeiMACumJ+vvACdc/evs1oTGPfF6N3ajUAoHR5VMpQCdA2uJffil7la5T0HZ3gBZUJqQ/KlDkPk837iREUgLMjdCIZtNqcLE5n4Jqdp0othfjy0LFIs3YMOhX/o11IIxExJw510DwE06PBU33m3Xu880RwKPJ8OTr63QZvgIWey34VfxoD2WheIFimkYNuQzQ1uDzHYSpLYeEF6p59LhJCRoDZWJU+fF6mCjJKI6zV7rI1yPcBwKt03hvpcq4jjfetZ6FlSIgAHRgM0ZfoU0KwrQyK0qc6b0ZQcPGTQJzjqJeNgw27+lAp5YKLwYoj3rRerjktf7XzVKdN6+BZhWeHh6mLrsOjfEdFr/S4b0TP4VnQNVG5Nvuh6gf73EK7KvJQCb+NiGexrxlE6n7Tp3YPDLotxo/ivvsr7qb53e7TdsnSC22fT1szezi+8qDZrp9DtLdCBkDYl/jLOyRNYfERHgopID8Z/nKP/CXYDs49Mlja0/PpIzYf+pAtx/lOnyiNQiCNk6E/MycRABdd3xOrj8w9ZbCC0CL40vAX9ZV0OhNpmnboy6N5q/KVpqGpC180Oq3VMHyEy5ycuO77K1w8p+Jmr9jhuioH3EBlh5tpBqZd8QC5bbE18UBNqLfuxDQQ5D13IvGzOJkfJCazce66ba7exzXn2e8edANbD7qN0QAtArxodFrJ4P1Ia8AgyTU0P+BPMSTsId4b7wR+fsv5Ck1DmgR9gz7C9YtndU/qqeIhtIL3EysowNGR0+6mn+6tdhqiVLMdmI6EwFDngWQIUwATCQb+Rz0V9GzfEGaX5iDmv+w0tIIjv8xn3ZauHjfXcxcPUseQG/CcLHKfa6c13y47mI8aP4peN/9ZEyXszIeRAEkcwZbfrnsiMsFpLfLrW59Ge2P3kTAgXe+Hd2WnB6TJMKn21weA90K63o8EPs+HBy1CPPQF+kRch4joK5sDS69CUX1AUfpU5/1ECwqBA2r+6oak0xGsZeEjffF1Oh9fLQkF/nKPBANp/Fbnxb9fZ55q7ss9pPM/arGuW7KdPw9J2tl4t+XOym736Ip+d6XvkXnzoOsyHpdC7nNHJSi8YxkjQru5xE41LAXOdhUa17fmNWufyTXSZROijS1I4x7dr/eHcOCd2nTeh4XyffTFQ9UgPvQN+ghQeghFaWA687YFRQq0C06zUucizmP/3qwKr9UOfXHodOqEEhrYJICeA/Q1Y+oh0FFlQFVnHVV902kAc+k85PFmpgfm7AqLIO+7+92SRtrNdRX3jcU9bu9IWEiARvVlyVnPQ3ugvfjLVBCtT22OtiaNgnbF85Lf0ho0BRGwP+m5EtLC6ucG4nevdPoEfUNoVOYiTGfetqDwsGn7Uff5ubX1/DtWv+reej/R5SUoIL5yaBDqoBIGGMjUgfniAWkRdG4L3Sf1l2ME+A0xGOjg2Ei0G7YIo6nv8Vcae1DmPjcSUIf37HdLl1XccvwontjtuuVHkW5/L1Nm2o/6YT9gkAua4iEYpAkACVeilAFpFWpDvSOtYqjt4UOoa8WK52o6CXjHvGvSII4RoC/4GE07C9OZty0oAiD9/nXJ1whCBf3J+jfduT//OdYYNDcWSTXmOl92fcnUEZXm56tOz/2a1nCf/3yIVZQijLq+Zz6MVy3yPCjLtFUeitIY+HzZEYiqo9UMWIEiTb8t7JIn6WovBC+/FU8EwaN0nqW8SJdQ4p3ybm2sUN59HkbdzhGmM29pQfFJpOc3D7qr760tiX32xm53z+raadQMXhvVCG2CNC3RaWmN/7mX/7HIaylVS6jYNbTt3W5ZZqmO6yzXYY3nGs9kgIVIy39ThdCg2G1rl4hVfq0uqG20moSmwH1airQRrEVa8qRd+E29aXO1v5Y/lS/pvCcEBO2r98K75J1yL8S75p2T9kmkEHS9rVEE4Kf37nk/Y4S84gdDsbos6MsF4OXLxVdP0JdPabJJ6JloE9JC+OuD63R0IC0kRDzbqu+C6jO0/4OYVFahqD3y0niG6mRBXdho56/ySLvS1ID2YSDLxgPUHmgGEpzUSXkxbWClCEgY0x4W1F/Bk/00AeGlaNgQ+fKOQVFbgNG0lTCdeduCIoC89A2Db7svps45EPNqKzCA1ugZKKTZgcuXTR0T6DnAn65YcJ2BAexgEsEr7USCRveFyM/j8ecHI743Y2Juz4CUAVBtwYBmeVJ+JXoWX34JHgkBEV9wbAdaquQZlJf/sen47azVIfImTf4P3AtkjyAftaUVJNoJDFF/lUuQLUT3/NOdv4nfqcVo+wY4n3nbgiKARrw44NhzQDkygF2ESpdhU0Rnxo6hL50GM/9LaEhQMJAAX0MNAK77gsKHvsD22RD3w8tfiPk6gwXwbDtwfKIs1EcD2BIagQSABI/SKDsCUu0oASKDo2wKMu5arUL2B+pD+fitNpKQocw8W22GYJHw4tlMVyx4N7wj0iGM1dqf4UNlzkNR+vnM2xYUAZTlpbNZFZZoy8y/3x05HXdqBoYGtojBxQCwX1bAYMHZhwHG/6Qx4KqDYxSCQgPMlln8lEEDmHzhU36Uget8weEVD2XVNArY+4DVHIDy5X6u6+uvAW63dDP4bZnQkIDaQ5Ag0bOlZUCUj3tJ4x1gpFQEbIh3xTuz7eGjKA18UnnbgiKAZnlRX//lnh3VDgndsepVt904PzEAGcyCvtJ2Hq1nayDxV4JCA8cKCgYFzwEy8DUSFHo2z9WglO+HhQY9vOKR5mChFQagqYLqZPO10wbKzZcfYySQwJHQlDCwAoJpD5oD16mXno1woS4SXrR5x9La1Aji3dgphi2Xj6I08EnlbQuKAEbLGxs9f1hbJYFw3kH1PfHRxxleDVK+sgwA5td3Y+Hf/0F1OoAQkKDQYGaQMMiAhA0DinT+t4KCZwObrwZ9SFux0MBGuKmsGsgWso3YskpAMbXAViOBRpq0Dz1T0HQE2PywK1jDKM/mebZOtC1tbB2loNkP7qkaKS1G+37BJ5W3LSgCGCvv63886ZZ2DVc3nUGs0397SW981oOgL3CI+KIDDTAJCgaJvrT2S68lQQkKfZUBgx2hAZ94+KspgRUUfN2B7tPKBP9LAMCHUZO/ylf2B+6RgNJ0SMJBwkBff9uWEo5Kk6Yioj4IIgFe2hLPSesDQZvf/F998TvIw1jfbx7OZ96MoOBim8aXOMRXJ7BXO/MNyXr+4+uSNXsGFIQRjuv81Vq/NAX5CFiSr4H4+Z/7SeNLjwDgf56n+/Q83ceyq3w0NOi5T1MZ+XVoKzb/27y0yoMnJWn85l7+8ps08fEs/ldduAebjt3WzXWIVQ3qB4/8TiDajGu0oZ4N0ca0te5r0/hSW6MIYCJ433z7pLsjGhTW+Al9/nsDcYh3vo4hXqnhljRd4S9fab7CGrzSKCwkHPgia3ogDYDnS6NQXjxDWoTS4OOrrv9JQ3ugzNJepA0A/idNtg6gZzKVkL1BJEOkYNuCtqGNaCvLQ1s+sOHNuG0t8t6BUJTe5s1C6W1BEcBE8xJKjanJ399RW2KFPnVtstWd+fYbpvNrMEt1FzFANVWofuWjASfHKpEOqmGAy3CoaQRQuSQANFXgf7SNEPQMeDWFopwICOwKlMPGdhAQCFyD0GbgtQICUHe8JmkLHcknos1ou5//0mxv9zAe7ygPn1TetqAIoJW8u984Hu8tsCH6RISAZ/Xkmd4/uvWbiwO5yAEpj7QsCxA4sS9CJERYTUD9x9lKdgKtWsigiQDhXu7BH0TGRQY9dZKmgIbDX0vcYzUNwPPiZ6btgWCgjmzKUth7S7QNbURbCc22s0Wbt4ayvG1BEcBk8RJujXV+AqRYQ6gInwAG74ORuo06/s4H2e3PDD4GJl9wEb+xUdjB2siIqnsRGKF7IAkA1UnPRMshDSNsqL6UmbJTB2wQ1s9BRN2/eU8SdewP7/lHHSUYSzu3eWsoy9sWFAFMFV4Ct66OBivLfJ/2jHciBhpnl2DgY8pCDA1flfefSzp2CBE2DAa2pjECggCjqAQO9yKMrNDJqxN5ENuBMv3w5wfiMoaEgupAHamrgtU221YWbd4sxoO3LSgCmKq8GO1wHLr3F7+PjYGKyhUilgxR47nvW0t63X9G83qiNmE/eGXXe7Fj0mtHEq/HlytbY1+EM2fPxduuBf7vHxiK0zgyj3vhgZdn8CyigfHs7z2yL86LPO1ypU+Umfuow31r++sMkcJktnMRPqm8pQVFm6YmbXx5q3vo6QF3ZzRgr/lRr/vnBRX3GbN1erKIMlAWykTZKCNlDdWhTVODQtD1tkYRwPnAe/rMudjpiKkI26o5WZuvOA5K19y3O3ZrZnkRmwKRpYkyfeG1FfcX36kJGf7/79ckUcqxG3AvPPDyDJ7Fsf48+7n+P8Z5kSd5g1bW16LNm8V48LYFRQBt3hravFl8UnnHLCgaoc1bHm3e8mjzlsd48LYFRQBt3vJo85bHdOZtC4oA2rzl0eYtj+nM2xYUAbR5y6PNWx7TmbctKAJo85ZHm7c8pjNvRlBwsU1talObfGprFAG0ecujzVse05V3ZGQkKyj279/vXnvttTa1qU1tigmZsG/fPjc8PFwTFEgNLrapTW1qE4RM+P3vf18VErGgsD/a1KY2tSlEbUHRpja1qSG1BUWb2tSmhtQWFG1qU5saUltQtKlNbWpIbUHRpja1qSG1BUWb2tSmBnTE/f/moQ80VmH7jQAAAABJRU5ErkJggg==', 'Surakarta', '2020-07-03', 'L', 'Kristen', b'1');
INSERT INTO `tguru` VALUES (2, '1002', 'Bambang sukiryo', 3, 'adjia7x@gmail.com', '081325058258', 'sdf', 'admin', '2020-07-03 02:54:47', 'data:image/png;base64,iVBORw0KGgoAAAANSUhEUgAAAhIAAALUCAYAAABejNsWAAAAAXNSR0IArs4c6QAAAARnQU1BAACxjwv8YQUAAAAJcEhZcwAADsMAAA7DAcdvqGQAAJTrSURBVHhe7d0JnBTlnT9+coirEWOEKKjcCnKoHAIyIMghIIeAyCGHgHIM03MP1wDDLdeIARFRDAS8x9skRiUuG8zq/N3VTXYTV0UTzbKJ2fwSE6NJNtHN91/fp6u6v139dHd1HTPV3Z9nXu/XdFc99VRPd1c9n3mquqvFddddRwAAAADpjB8/nm644QaaMmUKnX322bTkpR40ZdkIQpAAAAAAR6wwMWDAABUkRs29EkECAAAAnOMwccUVV6ggceWkSxAkAAAAIDuXX365ChJ9rusYDRKR+gY6dYoSyqnGBqqP6BuIqqdGVbOR6rXzs2G1lVhONdZTRFvf4udjAAAACL9sim75P/3pTzFu5jMrSIxbOMgIEvVWF250xmZwiFjTTjWk6ciDCBKnqEE9hgjFH0LEVldCkAAAgMKSTdEt36NHj5RhQU7nenKeZAWJiYuHUIsGNRJhdeDZCDJIGKwk0VhvqyshSAAAQGHhcu6552bERbc8u/DCCxNCA0+T93m+fRnJChLjbx1MLTJ2xBGjs0447HHK6Nt5lMDWiWesJ0rSSIdVJ3lEorHeuM+HXqJ340W1YXsMGeslFj58E30cEWpIfPBinv3v4nmZDrkAAAAEg4tuul2mevYw4TREMCtIjJzTl1qoPjLlIQyjgzU7UXWIIdIgOnzZiTupx6Eg1WEKfUef6nHVmz37qQZrPfoglFyPbxshIMLBIX4//tij8yLWBCNMxEZs1GN3esgFAAAgGFx00+2c1LOHCSchgllBYuDkSzKNSMiwEJ1mdbKJnbjTerJtyVo+fmgj3pnXq9EOHjEwp8RKUttO64n20z++FAGHS9pDLgAAAMHgoptu56SeDBEWXT07K0h0Ljo30zkSzRckeFQj+tAaY4cWrBENfdvxUZH09aLtZxck0j12AACApsNFN90uUz0ZHs4444yE+7r6khUkOg3+WqZPbcQ7ce+HNtJ1xvYgEaH6WCowHoO6Yc7jUYfYumQIsLWRsl50nfEg4eTQRnweDm0AAEBz4qKbbpeungwN1uEM+2EO+zKSFSQuGdYmzfdInLK+R8LooBPmpTjZ0nE9HatOYomd8Gj03raHp0pSQHBazxAPEvwY+ZyJxCXlyZYNticHJ1sCAEBzyabolpdhwX5OhNMwYQWJLkN4REJTAQAAAMLp4osvpk6dOqnfqVjzdcvz90MwrqObz9OZk++R6Du+E4IEAAAAZMcKEn3Gt0eQAAAAgOzEzpEYfi6CBAAAAGTHChJDZ/RAkAAAAIDsWEFiSsnVCBIAAACQHStITK8YSS06duxIAAAAAE4UFRXFgsTEJYMxIgEAAADOVVZW0qWXXqqCxPXFCBIAAACQBQQJAAAAcE0GicnLihAkAAAAwDkZJKrq5yJIAAAAgHMySAycgq/IBgAAgCzIIDFmQR8ECQAAAHBOBonq23FoAwAAALIgg8Ss6pEIEgAAAOCcDBLza69DkAAAAADnZJAo3nwDggQAAAA4J4NEydYbESQAAADAORkk5q0aiyABAAAAzuFkSwAAAHBNBonxt+B7JAAAACALMkiMW3A5ggQAAAA4J4PE6Lk9ESQAAADAORkkJi8dgCABAAAAzskgUXbbNAQJAAAAcE4GidsfrEaQAAAAAOdkkLj/2A4ECQAAAHBOBokJt/ZFkAAAAADnEk62XDwodZBo0aIFAAAA5AFdP++WDBI3VYxIHyRKSkoAAAAghwUZJGp2zs4cJHTzAAAAIPyCDhITF1yGIAEAAJCvgg4SY2ZfgiABAACQr4IOEqNmdUKQAAAAyFdBB4nFq69BkAAAAMhXQQeJ+dVFCBIAAAD5KuggsXbPTAQJAACAfBV0kCjfMh5BAgAAIF8hSAAAAIBrQQeJacVXIEj4aceOHQAABe2NN97Q7h+heQQdJBasGIog4SfeiHTTAQAKBYJEuAQdJEo2jEGQ8BOCBAAUOgSJcAk6SGzcPxdBwk8IEgBQ6BAkwiXoIHHr6uEIEn5CkACAQocgES5BB4kbFl+OIOEnBAkAKHQIEuESdJAo3TAOQcJPCBIAUOgQJMIl6CBRs20ygoSf3AYJLrrpAADNxe1+CUEiXIIOEmvqpyNI+Km5g4Rf7TC/2vKrHeZXW361w/xqy692mF9tha0d5ldbfrXD/GrLr3aYH225bQNBIlyCDhLj51yCIOEnBIlkfrXD/GrLr3aYX2351Q7zq62wtcP8asuvdphfbfnVDvOjLbdtIEiES9BBomTttQgSfkKQSOZXO8yvtvxqh/nVll/tML/aCls7zK+2/GqH+dWWX+0wP9py2waCRLgEHSR23L0QQcJPONkSvNq+fSc98MBDdPfdB+n22/fQoUNH6ciRoxSJRLT1AcIGQcIP9dR4qoEi1v1IA51S0S5aTjU43x8EHSQ27J6FIOEnBAnwor7+Dnr00cdp06Zt9OKL36e3336bDtxznxEq7qWjRx+g8vIK7XIAYYIg4U2kwYwMMkjUN1JjvVXHCBlGrGiIWPfTCzpILKwoCjhIcIqST0aeQ5AAtyIlZXT//Y/QwXsP07JllfTKK6/Sp59+Qvv2HaC1azfSgw8+YgSN3bR06TLt8gBhgSDhg7R9Z4QaToUnSIyb0dnHIGEkpoTSWI8gAeBQ3frNdOedB2jzlu1UWlqtgsRHH31E9xy4j6qqVtHtu/fSHXfsNULFBu3yAGGBIOGDdH1nlv1q0EEiUjvanyARHYpppHoxrb7RuI8gAeDI2nUbadu2etq46TaqqFxhBIlGI0j8ju47eJiqqlfTbca8bdt20jqjnm55gLBAkHAudhjDKAnnPaTsO7M7rMGCDhK+nWyZcpjFfDIaxGCFOs6TMN0MIDxN1eAipp1qpEZzRmM9D+lYt6PrkC+E8VJk9QT7DUEC3Fq5ag1t2LCF1q/fSls27zB2xj9SQeLJJ56luvXG9A1bqW7dJlq5cq12eYCwQJDwgTZIZB8iWNBBYt/RUn+CxCnbaESMGQ5iJ4nw4Q9+cuzT1RNkCwfWoRHriVOHTsRtXVrj6bycfXoTQZAAt2qWr6J1RlBYs2Yj7d2zn1566Ti98fob9MQTz9Bt2+vVvNWr11NNzWrt8gBhgSDhA3uQkH2hrOdA0EGirn6GT0FC16kz3ZNhBQnddHmfw4mcnu62ETFiRbbTxBAkwK3qqpUqRPCJlTt27Ka77rpHnR+xZ+9+2rR5O61dt5lWraqjKqOebnmAsECQ8CZxlD36D7Z9GhenHwENOkiUrR3jT5BIOdwiO3x5P9V0ed9JkFD1xLplnWaQTZDg5xfAUlW1gmprN6ggwWpr16sRiDU8jQMGB4mVa6mqcoV2eYCg6fZjOggS4RJ0kFhQPriJT7aUASChw09zaMOqp7tta0ctl9Bu03IaJKwNk18IABaJVKrDFsuX16awxth4Vxr1qrTLAwTJ2mfp9md2CBLhEnSQmLl0oD9BgiUNveg+/pkiAMTmmYvGQomsl+K2/NTpKSO8JLXbhBAkwK1ly8rVxzyrq1dr1dTUUnn5cqNehXZ5gCBZ+yzd/swul4NEh/KTMbk4XSfoIDG3dIh/QQJwaAPcKy4uo4qKFeocCJ3q6lXq+yWWLi3TLg8QNN1+TAcjEuESdJC4/uYrECT8hJMtwa3i4giVZwwSlbR0Ma65AeGGIBEuQQeJW2t8+kIqiEKQALeWLFlG5eU1VF65nCrLV1ClESr4nAgLB4mSkjJavBhfkQ3hhiARLkEHiQlzLkeQ8BOCBLi1aFExlZVWUaSsisoi1cZtI1SUL09QUlKh6umWBwgLBIlwCTpI9BtxHoKEnxAkwK15826hJUsiVFZWTZGSSkMVlUaMYGHhkGH8XnwrRiQg3BAkwiXoIDFuZm8ECT8hSIBbY8aMoxkz5hpBoorKS3lEwggSxm9WVlajRirmz19EM2bN0S4PEBYIEuESdJAYNKY9goSfECTAi2HDRhlhYrY6D4I/DlpcXGEwfi8tozlz59OoUWO0ywGECYJEuAQdJMbO7Ikg4ScECfBq0KAimjBxMk2dOkOZMmU6XX/9DTR8+EhtfYCwQZAIl6CDxOT5/RAk/IQgAQCFDkEiXIIOEn1HtEGQ8BOCBAAUOgSJcAk6SPQb2RpBwk8IEgBQ6BAkwiXoIDF9sY/X2gAECQAABIlwCTpIjLyhK4KEnxAkAKDQIUiES9BBYtI8fI+Er3gDAgAodLr9IzSPoIPEiKmdECQAAADyVdBBYtwMHNrwFR/aAAAoZBiRCJegg0RZ3UQECT/xRsTPG6T3xS9+kb785S9Ty5YtldNPP53OOOMM+spXvkKtWrVSzj77bDrnnHPo3HPPVdq0aUPnnXcenX/++dSuXTvlwgsvpPbt21PHjh2pU6dOSpcuXejiiy+mbt26Uffu3ZUePXpQr1696LLLLqMrrrhC6dOnD/Xr14+uvPJKGjhwoDJo0CAaPHgwDRkyhK6++mpl+PDhdM0119DIkSNp9OjRypgxY2js2LHqNZ8wYYIyadIkmjx5Mk2ZMoVuuOEG5cYbb6QZM2bQrFmz6KabblLmzJlD8+bNo/nz59OCBQuUW265hRYtWkRLliyh4uJiZdmyZRSJ8LU3yqiiokLhjbe6upqWL19OK1euVFavXk21tbW0du1aqqurUzZs2EAbN26kTZs2KVu2bKHbbruNtm/fHtvZ79q1i26//Xa64447aM+ePcrevXtp3759tH//fjpw4IByzz330MGDB+mb3/wmHT58WDly5AgdPXqUHnjgAXrooYeURx55hB599FF67LHH6IknnlCeeuopeuaZZ+jZZ5+l73znO8pzzz1Hzz//PL344ot07Ngx5aWXXqLjx4/TD37wAzpx4oTywx/+kF555RVqbGyk1157TfmXf/kXev311+nf/u3f6Mc//rHy7//+7/STn/yE3nzzTXrrrbeUd955h06ePEnvvfce/fznP1c++OAD+sUvfkGnTp2iX/7yl8qHH35I//M//0O/+c1v6Le//a3y0Ucf0R/+8Af64x//qHzyySf0pz/9if7yl7/QX//6V+Vvf/sbff755/T3v/+dUJILgkS4BB0kKjZMQZDwE4KEMwgSCBIIEvlbECTCJeggccMt/REk/IQg4QyCBIIEgkT+FgSJcAk6SFx1HS7a5SsECWcQJBAkECTytyBIhEvQQWLEDd0QJPyEIOEMggSCBIJE/hYEiXAJOkjccOtgBAk/IUg4gyCBIIEgkb8FQSJcgg4S106/HEHCT26DBBfd9HyFIIEggSCRvwVBIlyCDhLDJ/dEkPBTcwcJv9phfrWla8dtkODiR5Dg4leQ4OJHkODiV5Dg4keQ4OJHkODiV5Dg4keQ4IIgEUxBkAiXoINE/1EdECT8hCCRTNcOggSCBIJE/hYEiXAJOkj0HYFPbfgKQSKZrh0ECQQJBIn8LQgS4RJ0kLj4ynMQJPzkNkgUGpwjgXMkCuUcie3bdxrP00N0990Hjed7Dx06dNR4/o6q1zZfC4JEuAQdJDpcfiaChJ8QJJxBkECQKIQgUV9/h/GcPG68BtuMv/f79Pbbb9OBe+4zQsW9xvP3AJWXV5g186sgSIRL0EHi0kHnIUj4CUHCGQQJBIl8DxKRkjK6//5H6OC9h43XstL4W16lTz/9xHh+Dxiv1UZ68MFHjKCxm5YuXWYukT8FQcKDSAOdMp9HMm41RKx59dRoTiXjVr19uTSCDhKXXNk6REGCn8BTDRTRzcsRCBLOIEggSOR7kKhbv5nuvPMAbd6ynUpLq1WQ4LbvOXAfVVWtott37zWe+73G67bBXCJ/CoKEWxFqMN6fsfBQb0QH1SfydCM+1Nunm/czCDpIdO7zVX+CRDxBRUvsD5YyBYV083MkZCBIOIMggSCR70Fi7bqNtG1bPW3cdBtVVK4w/pZGo+3f0X0HD1NV9Wq6zZi3bdtOWmfUy7eCIOGWLUjE+j0ejZCjEPb76QUdJHz7+GdCJ++200eQKBgIEggS+R4kVq5aY7wOW2j9+q20ZfMOo3P9kQoSTz7xLNWtN6Zv2Ep16zYZr+Fac4n8KQgSXshDGFao4GnyMIctcGQQdJAYMbV3AEGCh10a62Odf4N6Voz0JMMA31ZPlFl4ekL9aImObESHdaxyqiGSsO4wQZBwBkECQSLfg0TN8lW0zggKa9ZspL179ht/43F64/U3jOflGbpte72at3r1eqqpWW0ukT8FQcK9aPfJt81+j/tSnmfvM0M0ItHxCp8+tZH4B5pJyfzDY4c5YkEimriSptvry+NAsWXNeSHlJEjolgOA/FJdtVKFCD6xcseO3XTXXfeo8yP27N1PmzZvp7XrNtOqVXVUZdTTLR9mmQqChEtJ/VyKkYcs+8Ogg8Tlw9oFeGjD/se6nW6/HWLZBAndPADID1VVK6i2doMKEqy2dr0agVjD0zhgcJBYuZaqKldolw8ja9+VqSBIuKX5Jztp5CE6UpHNyHzQQWLi3EEBBAnrRJBUwcB+xqk1PVV9++0QcxokrNv8QgBA/olEKtVhi+XLa1NYY+yMVxr1qrTLh43cf2UqCBIecF9nPo+x0X2ezv2mWbI9vB90kLhkgE/fbJnQyVtBIWUwsJ04Yk1PWd+8nZTMwgdBAgDYsmXl6mOe1dWrtWpqaqm8fLlRr0K7fNjI/VemgiARLkEHiUuv8ul7JBLPkTA7/HTBQKQrVTIFCYO1SK6fbGnV1c0DgPxQXMwnya5Q50DoVFevUt8vsXRpmXb5MLL2XZkKgkS4BB0kfDtHwhNOCNaZqTkOJ1sCACsujlB5xiBRSUsXh/cfo1QylVwOEh3KT8bk4nSdoIPEjbeMaJ4gkTggEf5DFk45CRKAj3/i45/5//HPJUuWUXl5DZVXLqfK8hVUaYQKPifCwkGipKSMFi/GV2RDsAIfkRh6YQhGJPIIgoQzCBIIEvkeJBYtKqay0iqKlFVRWaTauG2EivLlCUpKKlS9fCsIEuESdJA4t+MXECT8hCDhDIIEgkS+B4l5824xXk9+/aopUlJpqKLSiBEsLBwyjN+Lb8WIBAQr6CDxtQ7Gfl1XifGKESSygyDhDIIEgkS+B4kxY8YZr/1c4/WrovJSHpEwgoTxm5WV1aiRivnzF9GMWXPMJfKnIEiES9BB4utdvowg4ScECWcQJBAk8j1IcBk2bJTx+s9W50Hwx0GLiysMxu+lZTRn7nwaNWqMWTO/CoJEuAQdJFp3QpDwFYKEMwgSCBKFECS4DBpURBMmTqapU2coU6ZMp+uvv8F4X400a+RfQZAIl6CDxFcvMvbrukqMV4wgkR0ECWcQJBAkCiVIFGJBkAiXoINE1z5tECT8hCDhDIIEggSCRP4WBIlwCTpIXHjJWQgSfkKQcAZBAkECQSJ/C4JEuAQdJC7q8VUECT8hSDiDIIEggSCRvwVBIlyCDhLntP8SgoSfECScQZBAkECQyN+CIBEuQQeJ8y8+E0HCT7wBAQAUOt3+EZpH0EHiax2+iCABAACQr4IOEm27nYYgAQAAkK+CDhKDx3ZFkAAAAMhXQQeJWUuvQZDwk3UiGwBAocI5EuESdJAYOKYjgoSfeCPSTQcAKBQIEuESdJAYfF0XBAk/IUgAQKFDkAiXoINE35HnIUj4CUECAAodgkS4BB0kiiZ0QJDwE4IEABQ6BIlwCTpIDBx7AYKEnxAkAKDQIUiES9BB4oprWiNI+AlBAgAKHYJEuAQdJC4bdi6ChJ/cBgkuuukAAM3F7X4JQSJcgg4S/Ufj0IavmjtI+NUO86stv9phfrXlVzvMr7b8aof51VbY2mF+teVXO8yvtvxqh/nRlts2ECTCJeggcelVX0OQ8BOCRDK/2mF+teVXO8yvtvxqh/nVVtjaYX615Vc7zK+2/GqH+dGW2zYQJMIl6CDRswjnSPgKQSKZX+0wv9ryqx3mV1t+tcP8aits7TC/2vKrHeZXW361w/xoy20bCBLhEnSQKBqPa234CidbQqHYvn0nPfDAQ3T33Qfp9tv30KFDR+nIkaMUiUS09aFwIEiES9BB4qrr8BXZvkKQgEJQX38HPfro47Rp0zZ68cXv09tvv00H7rnPCBX30tGjD1B5eYV2OSgMCBLhEnSQ+FqXFggSfkKQgHwXKSmj++9/hA7ee5iWLaukV155lT799BPat+8ArV27kR588BEjaOympUuXaZeH/Icg4UGkgU6pg0rRcqrBGuGrp0ZzWrScooaIbdkUgg4S5yJI+AtBAvJd3frNdOedB2jzlu1UWlqtgsRHH31E9xy4j6qqVtHtu/fSHXfsNULFBu3ykP8QJDyob6TGeus+hwcrMPDtRqq313cg6CBxyYCzfQwSxhOQUBrr9fUy4UR2qoEiunnZ8rMtBxAkIN+tXbeRtm2rp42bbqOKyhVGkGg0gsTv6L6Dh6mqejXdZszbtm0nrTPq6ZaH/Icg4ZcINZwKf5Dw7VMbkQYejEn8I+sb3f3RCBIA4bVy1RrasGELrV+/lbZs3mF0Gj9SQeLJJ56luvXG9A1bqW7dJlq5cq12ech/CBI+Sei/Eg9txA95ZBZ0kJh8c39/gkQ8NWnwk2H+8bGwYT5BDeKZiQ7ncAIzJxjllBFG4vWiy0ZDi1Xi602Yrp58W1tZPPFuIUhAvqtZvorWGUFhzZqNtHfPfnrppeP0xutv0BNPPEO3ba9X81avXk81Nau1y0P+Q5Dwgzyskc28ZEEHiakLBvgTJE5ZASFJNEVZx3xUZ8+HPMxwETsWxIdFrOQlU5i9nh0vF2sv/hhioyGyrSaAIAH5rrpqpQoRfGLljh276a677lHnR+zZu582bd5Oa9dtplWr6qjKqKdbHvIfgoRXmYKCPOSRWdBB4spRPn1FdsrO2t6RWx2+broMD7rbsi4PMVhFzbeGfWyBRrd8gLIJEvz8AuSaqqoVVFu7QQUJVlu7Xo1ArOFpHDA4SKxcS1WVK7TLQ+7S7cd0ECQ8UP2bJiTIkzBVnVT/vCcLOkj0H3mhP0EiZXqyd+TWE6Cbbt1Pddu6L9dln28PFEnzg+U0SFgbJr8QALkkEqlUhy2WL69NYY2xk1lp1KvSLg+5ydpn6fZndggS7iUeuo8WdVhe9X3xknKUXiPoINF9gE/X2kh9smWaQxv2gCDDQ6ogYLuv2uP7xvTG2DkQYthHttUEECQg3y1bVq4+5lldvVqrpqaWysuXG/UqtMtDbrL2Wbr9mR2CRLgEHSTa9/oHf4IES0pS1sc/VWduFWcBwfokqXWyZayemMclPt8aiYgWeWJlrK2QnWxpbZgAuaS4uIwqKlaocyB0qqtXqe+XWLq0TLs85C7dfkwHQSJcgg4S/a7BV2T7CidbQr4rLo5QecYgUUlLFwcf3CGccjlIdCg/GZOL03WCDhJd+56DIOEnBAnId0uWLKPy8hoqr1xOleUrqNIIFXxOhIWDRElJGS1ejK/ILlQYkQgXBIkcgyAB+W7RomIqK62iSFkVlUWqjdtGqChfnqCkpELV0y0P+Q9BIlyCDhJtunwBQcJPCBKQ7+bNu4WWLIlQWVk1RUoqDVVUGjGChYVDhvF78a0YkShUCBLhEnSQuLjfVxEk/IQgAfluzJhxNGPGXCNIVFF5KY9IGEHC+M3KymrUSMX8+Ytoxqw52uUh/yFIhEvQQeKyIecjSPgJQQIKwbBho4wwMVudB8EfBy0urjAYv5eW0Zy582nUqDHa5aAwIEiES9BBYuj4bggSfkKQgEIxaFARTZg4maZOnaFMmTKdrr/+Bho+fKS2PhQOBIlwCTpIjJ1xBYKEnxAkAKDQIUiES9BBwrevyIYoBAkAKHQIEuESdJC4emJXBAk/IUgAQKFDkAiXoINEP4xI+AtBAgAKHYJEuAQdJEbd2BNBwk8IEgBQ6BAkwiXoILFoxQQECT/xBgQAUOh0+0doHkEHibGzLkeQAAAAyFdBB4leQ3GtDQAAgLwVdJC4qWQYggQAAEC+CjpIrNg2G0ECAAAgXwUdJNr2aIEgAQAAkK+CDhIX9ESQAAAAyFtBB4kufVsiSAAAAOSroINEr6LWCBIAAAD5KuggMWBURwQJAACAfBV8kOiEIAEAAJCvECQAAADAtaCDxOCxuIw4AABA3go6SPS75iIECQAAgHwVdJDoMfACBAkAAIB8FXSQGDzmUgQJAACAfBV0kLh+7hAECQAAgHwVdJAYfUNfBAkAAIB8FXSQGDaxF4IEAABAvgo6SFwxFN8jAQAAkLeCDhJFYy7PHCQAAAAgdwUZJM65KMPVPwEAACD36fp5t2SQ+OLZRvu6SgAAAAA6MkicfcEXESQAAADAORkkzu14GoIEAAAAOCeDxDWTrkCQAAAAAOdkkJg0pwhBAgAAAJyTQSLtV2QDAAAA2Mkg0WdYewQJAAAAcE4GiTPPx8c/AQAAIAsySHz1Inz8EwAAALIgg0TbS76CIAEAAADOySDRsfc5qYOE7is2AQAAIPfo+nm3ZJBo1+3M9EFCd/EPAAAAyB1BBolL+p2XOUjo5gEAAED4BR0k2l5yBoIEAABAvgo6SJx/sYNDG7p5AAAAEH5BB4mOvc9FkAAAAMhXQQeJi3q2RpAAAADIV0EHiS5XXIggAQAAkK+CDhLndmyFIAEAAJCvgg4SZ1+IT20AAADkraCDRIuzWiBIAAAA5KvAg8SZCBIAAAB5K+ggcdq5CBIAAAB5K+gg0X9ETwQJAACAfBV0kOg2oAOChJ927NgBAFDQ3njjDe3+EZpH0EGiaz98j4SveCPi560vkXKlaZBQZBoqDDeNFK41jRXGmyYJ15umCjeaZgg3meYK800LhUWmpUKJKSKUmyqFGtNKoda0Vlj/96hN//dZzNbPo277LG7H3/4as+uvUbv/ErfnL39W9v0pbv+nUfd88seY+/4Ydfhj9nvlyB+i7v993IMfGX7/W3rkd3GP/Tbqyd8Y/t+vlad/E/XtX8c996Hh17+kF34Vd+yXUf/437+IOW468V9x//xfP1caP4h77f2o139+MuZHP4v6j/fifvru28pb78S98847CU6+HfWz/4x7/823lP/6adwvfxL16//4Scxv/j3qdz+K+8OPfqx88kbcp6a/vP56zF//Nerz1wz/8ppCr5kahVf59ytErwj/bHrZ8MOXo142nRB+wP6J6J+E46Z//H7cS6Zj0gtRLwjPm773vbjnTN8VvvPtqG8Lz1iejnvK9KTpqSeInjA9LjzGvx81fguPmh4xPfoQ0cOmh4QHDA8eNX4LRy2H476lcfhg1CHhPsuBuHtN9wgH9kXdLezfhyARMkEHiTMvwDkSvkKQQJBAkECQQJBAkAiToIPEJQMwIuErBAkECQQJBAkECQSJMAk6SFx6Fc6R8BWCBIIEggSCBIIEgkSYBB0kzu7wJQQJPyFIIEggSCBIIEggSIRJ0EGiw+W4+qevECQQJBAkECQQJBAkwiToIHF+97MQJPzkNkhwQZBAkECQEBAkmj9IcEGQyHlBB4lW7XFow1fNHSS4+BUkuPgRJLj4FSS4+BEkuPgVJLj4ESS4+BUkuPgRJLj4ESS4+BYkuPgRJLj4FSS4+BEkuPgVJLggSIAh6CBxTqfTECT8hCCBIIEggSCBIIEgESZBB4kLe52DIOEnBAkECQQJBAkECQSJMAk6SPQYfBGChJ9wsmVykMA5Ek1zjsT27TvpAaNDufvug3T77Xvo0KGjdOTIUYpEIq6DBPMjSOAcCYOTIIGTLSEAQQeJtpe2QpDwE4IEgkRzBIn6+juM/uZx2rRpG7344vfp7bffpgP33GeEinuNvuQBKi+vQJBAkMjtIBFpoFOnGiiimwdpBR0kBo7pjSDhJwQJBImmDhKRkjK6//5H6OC9h2nZskqjD36VPv30E9q37wCtXbuRHnzwESNo7KalS5chSCBINFuQOGVs9/FyihoiifMzQpBwLegg8ZUL8KkNXyFIIEg0dZCoW7+Z7rzzAG3esp1KS6tVkPjoo4+M/fx9VFW1im7fvZfuuGOvESo2IEggSDRfkJAhgEMBNVK9mJ9RwQaJeuOZskqWz5kp6CDR4uxcvmhXffzpVaWxXl+vCSFIIEg0dZBYu24jbdtWTxs33UYVlSuMPrjRCBK/M/qBw1RVvZpuM+Zt27aT1hn1ECQ4PEhGYECQaPogoTpH0SmqYGEVMVqRMN0oBRgkuJtrrI/ejjQYz4aLfi7oINGydY4GCfWE2tJZfaO7tOYnBAkEiaYOEitXraENG7bQ+vVbacvmHcZO/EcqSDz5xLNUt96YvmEr1a3bRCtXrkWQQJAIR5Dg3jF2XxMq1Lzof+JWJ1qYIxKpnhtZJ7Ogg0SPQZ1yMUhEqOFUqmNsPE+8+dQLEa0bDR9WMZc3X5gGMbgRXzZ7CBIIEk0dJGqWr6J1RlBYs2Yj7d2zn1566Ti98fobRj/1DN22vV7NW716PdXUrEaQQJBoviBhbPexIjtD+6iDKkbnae80ESQ0950JOkhcPaFvDgYJ9cZL82RGx4KSb+vqmG/iWHhISMrZcxIkdMsBuFVdtVKFCD6xcseO3XTXXfcY+/j7aM/e/bRp83Zau24zrVpVR1VGPd3yANlyFSSs/ap9/50qINinp6qX13IjSAwY3T1Hg0TaN1T8yY7mBXO6egOLwm34/GbNJkhwPQCvqqpWUG3tBhUkWG3tejUCsYanccDgILFyLVVVrtAuD+CUte/yFCQY75hjHSLvr8V+Ooanx0ee1Yiyh31zbrIFB5f9U9BB4rLBnXPx0EbiG0wnGiDEi6BChFjGekGaKUhYGya/EABeRCKV6rDF8uW1KawxNvqVRr0q7fIATlj7LN5/eQ4ShuihZnGI2bgXK1ZdFTii5VSjsdf3sG/OVfKf4bCebHlW2y/n6cmW5hvzVEMkfl+8CWPpFkECctyyZeXqY57V1au1ampqqbx8uVGvQrs8gBPWPov3X26CBLgVHbGJlsQ+z6mgg0SLM433hq4S4xWHNUiwaJgQJSGpJZ+QKcJtPN02U5Bg1oYJ4EVxcRlVVKxQ50DoVFevUt8vsXRpmXZ5AKesfReCRG4JOkicdla+Xv2TU4OHQOAWTraEplZcHKHyjEGikpYuNkfnADxCkMgtQQeJL57+hfwMEvK4UlNyEiTw8U98/NPPj38uWbKMystrqLxyOVWWr6BKI1TwOREWDhIlJWW0ePEyfPwTH/9sto9/5ooO5SdjcnG6TtBB4stnfDFPRySaCYIEgkRTB4lFi4qprLSKImVVVBapNm4boaJ8eYKSkgpV72cIEggSCBIFJ+gg8aUzWiBI+AlBAkGiqYPEvHm30JIlESorq6ZISaWhikojRrCwcMgwfi++dRmCBIIEgkQBCjpInPYVBAlfIUggSDR1kBgzZhzNmDHXCBJVVF7KIxJGkDB+s7KyGjVSMX/+Ipoxaw6CBIIEgkQBCjpI/MNXESR8hSCBINHUQeKn775Nw4aNMsLEbHUeBH8ctLi4wmD8XlpGc+bOp1GjxtDJt+MhAkHCYgQGBAkEiTwXdJA4qw2ChK8QJBAkmiNIsEGDimjCxMk0deoMZcqU6XT99TfQ8OEjVYhAkDAhSCBIFJigg8SFF5+BIOEnBAkEieYKEm+9E/fOO+8kQJAwIEggSBSooINEpx5nI0j4CUECQQJBAkECQQJBIkyCDhKXDzkHQcJPCBIIEggSCBIIEggSYRJ0kChdfQOChJ8QJBAkECQQJBAkECTCJOgg0aHHVxAk/IQggSCBIIEggSCBIBEmQQeJVufjUxu+4g0IAKDQ6faP0DyCDhLnXtgSQQIAACBfBR0k2nRAkAAAAMhbQQeJ8zqdjiDhJz5HAgCgkOHQRrgEHSSuKLoIQcJPvBHx80ZVFFct8JmIK0yrbKyzEtkaA5+VuE6oM2wwbRI2G7YIWw23GbYLO4RdQr3hdsNu4Q7DHuFO0z7DXcJ+w92Ge4SDNveZDgnfMh0xHBUeMD1k84jQYHpceMLwpPC06RnDs8K3Dd8xfFf4ns2LpmOG75teMv3jZ/T58bi//uCvyl9etvxZ+fSfDa98onxi+kPj7xP87l9+q/zmX02v/5p+/Ybp336p/PJHUf/1H7+Ief8nhp/+XPnZm6b/PEkn34qyn2QpvXXyLeWn75re+wn9x89MP/+x8qP3o17/r9djXjtl+O/XlMZfmn71Cv3zh1EnfvNyguO/PR7zj+x336djv5deoBc+jnruk+/FfPtTw5++HfP0nw1/eZqe/N+4xz57POaR/3s05sG/G4yf+xMcNd5icYfNn/uUgzH3KAeMt3PcvoSfvcZmELXb2Dgsu5T4zw5lu7HpxW0VP5toY8x6pc7YxKXahJ+V5k+NUh1TqVRQuRChsgQl5s9SZYmyKOZWWijMN3/mxkR/blJmKTNMN9L0BFPNn+tjrqdJBgSJcAk6SPQd3gFBwk8IEjYIEggSCBLqB0ECmkvQQeL8S76MIOEnBAkbBAkECQQJ9YMgAc0l6CDRc1A7BAk/IUjYIEggSCBIqB8ECWguQQeJ3oMvRJDwE4KEDYIEggSChPpBkIDmEvyIBIKErxAkbBAkECQQJNQPggQ0l6CDxGVFONnSV66DBBcECQQJBAkECfMnDEGCC4JE7gs6SHTrj3MkfNXsQYKLX0GCix9BgotfQYKLH0GCi09BgosfQYKLX0GCiwwRzE2Q4OJHkODiV5Dg4keQ4OJXkODiR5Dg4leQ4IIgASzoIHFB91YIEn5CkLBBkECQQJBQPwgS0FyCDhKtzvsCgoSfECRsECQQJBAk1A+CBDSXoIPEP3wNV//0FU62tME5Eo6DhNdzJLZv30kPPPAQ3X33Qbr99j106JDRgR45SpFIxHWQYDhHInOQ4B+cbIkgEYx6ajR2P9HSSPXaOukFHSTOueCLCBJ+QpCwQZBokiBRX38HPfro47Rp0zZ68cXv09tvv00H7rnPCBX30tGjD1B5eQWCBIIEgkQOqjdSRGN99Hak4RTfSaqTSdBB4rxO/4Ag4ScECRsEicCDRKSkjO6//xE6eO9hWraskl555VX69NNPaN++A7R27UZ68MFHjKCxm5YuXYYggSCBIJFTeDRCjEJEGujUqQaKJNTJLOgg0e3ypv7UBj8Rxj7Znqo4dZGLJ8gVly+GEwgSNggSgQeJuvWb6c47D9DmLduptLRaBYmPPvqI7jlwH1VVraLbd++lO+7Ya4SKDQgSCBLNGiTUf9SinGqIaOuBxRYkku47E3SQ+Frbph6RUJ248VScOkUNETntVGCdexIECQSJPAoSa9dtpG3b6mnjptuoonKFESQajSDxO7rv4GGqql5Ntxnztm3bSeuMeggSCBLNFSRUiEjY70aoobGJ9vk5KzeCxGlfaeqTLc1OvN54U1lpVB0Daoh37omp1RY4zKmqWG/KhOlmfXM9DfGzVMzjTMabVzTCjyHl+lxAkLBBkAg8SKxctYY2bNhC69dvpS2bdxg78R+pIPHkE89S3Xpj+oatVLduE61cuRZBAkGi2YJEY6p9a8K+2uwkdfv0VNNT7uvzQW4c2jj3/HOaJ0hErCfIup/qCYqeaWLc5vriDWJvx6ov25P1uR2r/VTrYrH1aeY5gCBhgyAReJCoWb6K1hlBYc2ajbR3z3566aXj9Mbrb9ATTzxDt22vV/NWr15PNTWrESQQJJotSKTc59r31Sk7Txf7+jwQ7ZKit8N6smWXi89rriBhnhdhvQHEdOuNFSvWm0W+Oaz79rqqGG+2VPXtt6375pKqyHlZchIkdMsBuFVdtVKFCD6xcseO3XTXXfeo8yP27N1PmzZvp7XrNtOqVXVUZdTTLQ+QLW9BQowK87RM+2NVzH26eS9eMuzr80L0n+hoEUEqC0EHiWEj+jRfkIi+YcwnxpquptmGsni6PWXK+nK6fb7uvv22bn3WclnKJkhwPQCvqqpWUG3tBhUkWG3tejUCsYanccDgILFyLVVVrtAuD+CUte9yEySSDm1Y+1r7PjfVPtjp9FT1CljQQWLchKJmDBK66bb58RN0OJXpOvxoWosPi9nna+7zbXuAMeslnxCUHadBwtow+YUA8CISqVSHLZYvr01hjbHRrzTqVWmXB3DC2mfx/stNkEjat1r7Xvu+OtU+3c2+HpSgg8SQoT1DFiSM29YhDy6nGo34YNWXM7hY03lZc5IqPD3Dm8tqik+2TLk+FxAkoKktW1auPuZZXb1aq6amlsrLlxv1KrTLAzhh7bN4/+UmSLDEE9uj+19tn6Dbp6eanmFfn60O5SdjcnG6TtBB4pLu5zZxkPAL9/4eTooMCg5tQFMrLi6jiooV6hwInerqVer7JZYuLdMuD+CUte9yGySgeQQdJLpdmkNBInFAwt1JJ0HDyZbQ1IqLI1SeMUhU0tLF+PIf8AeCRG4JOkhcdtnXc3REIqScBAl8/NOEj3/68vHPJUuWUXl5DZVXLqfK8hVUaYQKPifCwkGipKSMFi/GV2Tj45/N9/FPaD5BB4mLLvoygoSfECRsECQCDxKLFhVTWWkVRcqqqCxSbdw2QkX58gQlJRWqHoIEggSCROEJOkhcfnlTf49EnkOQsEGQCDxIzJt3Cy1ZYnQfZdUUKak0VFFpxAgWFg4Zxu/Ft2JEAkECQaIQBR0k+l15EYKEnxAkbBAkAg8SY8aMoxkz5hpBoorKS3lEwggSxm9WVlajRirmz19EM2bNQZBAkECQKEBBB4k+/S5AkPATgoQNgkTgQeJn/3mShg0bZYSJ2eo8CP44aHFxhcH4vbSM5sydT6NGjVEhAkECQQJBovAEHSSGXH0JgoSfECRsECSaJEicfOskDRpURBMmTqapU2coU6ZMp+uvv4GGDx9J77zzDoIEggSCRIEKOkj0H9QBQcJPCBI2CBJNFiQYB4ZUECQQJBAkClPQQWLoNd0RJPyEIGGDIIEggSChfhAkoLkEHSSGDO+GIOEnBAkbBAkECQQJ9YMgAc0l6CAxYHAnBAk/IUjYIEggSCBIqB8ECWguQQeJDpfgC6l8hSBhgyCBIIEgoX4QJKC5BB0kuvQ6C0HCT7wBAQAUOt3+EZpH0EGic4+vIUgAAADkq6CDROuLTkeQ8BMf2gAAKGQYkQiXoIPEWV9vgSDhJ96I+Hn75PPToj47I+pvZ8X99atR/9ta+cPfDH89L+p/L4j7S3tT57g/Xxz1p0uV3/2Z9Yj602Vxn/YxXRn3yaCoPw5RfvMJGxb1x5FxH18b9YfrhIlRv79e+fXHhj9Mjfr99LiPZkX9bq4wP+q3tyq//J3ht0tMJXH/ryzqNxVCddz/rKT/+o3hf2qFuqhfb4z7cGvUr7bH/bKe3v/Q8Ks74n6517Qv7r8PRJ06GPdfh+ln/204dTTuvx6K+sWjwuNRHzwd9/636eQvDB98L+79F0zfj/v5P0X97OW4916hd35meO+1uHdfjzr5Y+EnUe+8JSSeH/H22yej3vq58Iuo//xl3Ju/jvrpb+mtN00//X3UT/4Y9x9/Nv017t8/i/ox0U//w/TvJp5m9yPh30xvEP2HcV8x7is8zfK6xr+a/oXoR8Z9xbiv8DTLa6b/T6OR6HXjt8K37V41vaLxz1GvGbdf4992PzS9LJww/SCq0ZjWaNxPwvPYPwnHE/2zMe2f+Tf7R42XhO8nOmFMO8G/2TGNF4UXTM9HHTemHTfuK3zf8j1CkAiZoIPEddOvRpDwE4IEggSChBEIECQQJDT7R2geQQeJLn3bIEj4CUECQQJBwggECBIIEpr9IzSPoIPElaO6IEj4CUECQQJBwggECBIIEpr9IzSPoINE32u6Ikj4CUECQQJBwggECBIIEpr9IzSPoIPE5Vfjol2+QpBAkECQMAIBggSChGb/CM0j6CDRZzi+IttXboMEFwQJBAkECSMQIEiEJkhwQZDIfUEHiUuu/DqChJ+aO0hw8StIcPEjSHDxK0hw8SNIcPErSHDxI0hw8StIcPEjSHDxI0hw8StIcPEjSHDxK0hw8SNIcPErSHBBkAAWdJBodRG+R8JXCBIIEggSRiBAkECQ0OwfoXkEHSTOuhBBwlcIEggSCBJGIECQQJDQ7B+heQQdJC7ufy6ChJ9wsmVykMA5Es6ChNdzJLZv30kPPPAQ3X33Qbr99j106NBROnLkKEUiEddBAudImDIEiXw9RyIWIhAkclrQQeLCnmcgSPgJQQJBojmCRH39HfToo4/Tpk3b6MUXv2+EhrfpwD33GaHiXjp69AEqL69AkECQCF+QiDTQqVMNFNHNA98EHSTO7/ElBAk/IUggSDR1kIiUlNH99z9CB+89TMuWVdIrr7xKn376Ce3bd4DWrt1IDz74iBE0dtPSpcsQJBAkmi1InIoeKYmVxnpjOoKEA/VkvAXN0kj12jrpBR0k2vb8cp4FCeuN2UxvUAQJBImmDhJ16zfTnXceoM1btlNpabUKEh999BHdc+A+qqpaRbfv3kt33LHXCBUbECQQJJovSMj9cTPvp3NJvfH+U6HLuB1pMOJYY31SnUyCDhIXXhb2y4jzs2h/Axo/DRFRR0KQQJAosCCxdt1G2ratnjZuuo0qKlcYQaLRCBK/o/sOHqaq6tV0mzFv27adtM6ohyBh4OBgx2HB+I0gYRNUkIj2jqn31/I+3zb/Hzc6g9T7/rzEoxFiFMJlvxZ0kOh4Zavwj0jIRBbNFZGkOjGp3phNBEECQaKpg8TKVWtow4YttH79VtqyeYexE/+RChJPPvEs1a03pm/YSnXrNtHKlWsRJBAkmi9ImFEgWsxAkGp/HbvvT0eau2x/f9J9Z4IOEr2uOT8HDm3IN5v9TWW+LdO+MRPqmcsnzbfajVDDqexfKAuCBIJEUweJmuWraJ0RFNas2Uh79+ynl146Tm+8/gY98cQzdNv2ejVv9er1VFOzGkECQaL5goQMAPb9tNwf2+ebe+54cb9/zj25ESQ69jstN86RUCMRp4zu3hyZSDnkk/TG5HrGWy/pGFN8eZ7W2GjcU3WM6fINnSUnQUK3HIBb1VUrVYjgEyt37NhNd911jzo/Ys/e/bRp83Zau24zrVpVR1VGPd3yANnyHCSs/W/S/tqcn2p6wUnRzyXUySzoINFzWA4c2lB0b7RoPBVF88bULhd9Yeobo6MY9UaIUMtZx+xcnMxiySZIcD0Ar6qqVlBt7QYVJFht7Xo1ArGGp3HA4CCxci1VVa7QLg/glLXv8hwkrHPf5H5adJjqHz5VP/EfwUIkD+2H9WTLSwa3zOEgIe/bp9t/y/nmG1aNRNRbIxDmIQ3jVfPypnUaJKwNk18IAC8ikUp12GL58toU1hgb/UqjXpV2eQAnrH0W77+8nyNhhgaxf1adpFlOGf/cxfbbap8tityfF4RomIqWeNjKRtBB4tKif8jRIJEqqVr1YvUT6yUkOqNO46lTsZM3Iw1GiDDewF7OCkaQgKa2bFm5+phndfVqrZqaWiovX27Uq9AuD+CEtc/i/ZebIAHNJ+ggcc2NHXM1SJjTVEoziwwQsn5CPZnoOGSIjxNZw22x+dnDoQ1oasXFZVRRsUKdA6FTXb1Kfb/E0qVl2uUBnLL2XQgSuSXoINGhv/H+0FVivOLQBIkcgZMtoakVF0eoPGOQqKSli9N8bBogC/kcJDqUn4zJxek6QQeJQRO/hiDhJydBAh//xMc//fz455Ily6i8vIbKK5dTZfkKqjRCBZ8TYeEgUVJSRosX4yuy8fHPRE358U9oPkEHiTmVAxAk/IQggSDR1EFi0aJiKiutokhZFZVFqo3bRqgoX56gpKRC1UOQMHBwsOOwYPxGkLBBkMgLQQeJGeX9ECT8hCCBINHUQWLevFtoyZIIlZVVU6Sk0lBFpREjWFg4ZBi/F9+KEQkEiUQIEoUh6CDRa1TYr7WRYxAkECSaOkiMGTOOZsyYawSJKiov5REJI0gYv1lZWY0aqZg/fxHNmDUHQQJBAkGiAAUdJGZVDkSQ8BOCBIJEUweJd07+hIYNG2WEidnqPAj+OGhxcYXB+L20jObMnU+jRo2ht98+iSCBIIEgUYCCDhKL1wxHkPATggSCRHMECTZoUBFNmDiZpk6doUyZMp2uv/4GGj58ZDREIEggSIgQgSBROIIOEjcuuxxBwk8IEggSzRUk3nnnLeGdBAgSBgQJBIkCFXSQ6D/uqwgSfkKQQJBAkDACAYIEgoRm/wjNI+ggMXbuxQgSfkKQQJBAkDACAYIEgoRm/wjNI+ggMWhiGwQJPyFIIEggSBiBAEECQUKzf4TmEXSQGDrlQgQJPyFIIEggSBiBAEECQUKzf4TmEXSQGH9zDwQJP/EGBABQ6HT7R2geQQeJcXMRJAAAAPJW0EFixI3dESQAAADyVdBB4obFVyFIAAAA5Kugg8Swqfj4JwAAQN4KOkj0GIovpAIAAMhbQQeJogmdESQAAADyVdBBYvD4TggSAAAA+SroIDFkAs6RAAAAyFtBB4lh1+PjnwAAAHkr6CBx1Vgc2gAAAMhbQQeJAaPbI0gAAADkq6CDROsuLRAkAAAA8lXQQWLEFAfnSAAAAEDuCjJI9B/ZLn2QAAAAgNyn6+fdkkGiz/DzUgcJAAAAADsZJNp0NYKKrhIAAACAjgwSF/T4IoIEAAAAOCeDxCWDTkeQAAAAAOdkkLhs2LkIEgAAAOCcDBLdrzobQQIAAACck0GiS79WCBIAAADgnAwSPYu+jiABAAAAzskg0WMwzpEAAACALMggccOtgxEkAAAAwDkZJK6bfTmCBAAAADgng8TFA76CIAEAAADOySAxcOwFCBIAAADgnAwSF16Ga20AAABAFmSQOBcX7QIAAIBsyCAx8kacbAkAAABZkEHismE4RwIAAACyIINE+ytOQ5AAAAAA52SQGDi+HYIEAOSPUyRLI9Vr6mQt0kCnTjVQRDcPoADJIHHd/L4IEgCQPxI6/PpGIgQAAN/JILFg1SgECQDIH4kjB/XUyKMS5ohCg5ErYqMUPE2NWnA5RQ0Ra5ocxUhcXrWbarmE+VYbEWo4JdsDyA8ySMxbgWttAEAekUEi0mB0+Xzf7Pwb6616ZkAw68kgwIMYsXrRO2J+quXi03mdjY3GPdWGMV08HoB8IYPEgElfRZAAgNzQokWLjBLOkbA6cREUVFtmsEgsZkCwwoNxu77RNuKQZjmrbr0RItQIhhVAzLacPn6AIFnvRa9kkBh/SzcECQDIDbwjLCkpSSshMFisIJDqfgLrcIQYTbDqp1lOjUTUW8uYbRihJD4Kcp328QI0laCCxKDJX0eQAIDcYAUJ3TyLoyChDkWIQxg21uGJUw2R6LTY8mmWM+o0njoVWybSYIQIow01omGvC9DEggwSExdhRAIAcoR/QcKcpg5NmEXOV/PMQx3WfWt+yuU4ZJiHQvg+PjECIRJkkFiyYQiCBADkBidBAgCSBRkkZpRfjCABALkBQQLAnSCDxK1rr0CQAIDcgCAB4E6QQWLeiu4IEgCQGxAkANwJMkgsqL0UQQIAcgOCBIA7QQaJJRt6I0gAQG5AkABwJ8ggccvanggSAJAbECQA3AkySAyb2RJBAgByA4IEgDtBBonrFrZGkACA3IAgAeBOkEFiTjW+RwIAckQ2QWLTpi30wgvH6Nlnv+vaY489SeXlldr27YqKhtBll11B/fpd6dpVVxXRhAmTtO0H/feg/exe71wTZJAYPecrCBIAkBucBom6uvX0+ONPUX39N2j16jrX6uo20+bN22ju3Pna9ViGD7+GRowYTUuWlGjbcaqmZjUtXryM5syZl9B+0H8P2o9y+nrnoiCDxPTSCxAkACA3OA0S3/rWA547FQt3LjNm3KRdj2XkyGs9hwgLh4kdO3YntB/034P245y83rkoyCAxu7qDf0HCSdEtBwDghNMgsX//vdpOwq2JEydr12Ph+brl3OLHL9sP+u9B+4kyvd65KMggMX9VV3+DhG66jlV08wAAdIIIEj/4wQ/Uvoh/6+azTB0Lz5f1+XG6YS3Pj1+2b/97dMs6YS2fqSPWLetEvrafD4IMEjdVtW/6ICGLbj4AgA7vCP0MEhwe2MaNG2O3dfUydSw8X9bnx5ltkR0ZP37Zvq6jzLbI9p10xNmWfG7fO77EvCzW5ebldHHZ+lTT7Ze3z0KQQWLkTac3bZCQRTffNb72v1ka6zXzveIX8FQDRXTzAKBJ8I7QryDB4YGLnGa/b8nUsfB8Wd9rR8aPX7afTUfJ8+ys6dbyTjti2YYlVeF52bafTXHTPv92wqqbqn3vOBgkBwDutqz+KtJwiu9E50VnxOqcaogk1c9WkEGidEvfpgsSsujmx6jUFS/Wk5gav0hWwsuCCB+qWC+iDoIEQLPjHaFfQYKLNQKRTyMSPM/Omm4t76UjTlV4XrbtZ1PctM+/nbDqpmrfO12QsE2TfYwuSHjsg4IMEjMiPp9sqZvOZJHTZB1LYigwnux0HTxTwSO74R6V/mzL1DemaQNBAqDZ8Y7QjyDBgYFLqvt2mToWni/rW51TNkV2ZPz4ZfvZdMQ8z86abi3vpSNOVXhetu1nU9y0z7+dsOqmat87Dg3xEv3n2B4u5P0IqS5Kleg0L6MRLMggMWVx22CChFXkbS7WfGu6vG/RDQGxaOdvFd0xJqNwZ6+ChVV0IxX8IqUZwUhY3nwsMkikmd+gHoz+8QOAN7wj9CNIcOFRCL5tHeKw7utk6lh4vqxvdU7ZFNmR8eOX7WfTEfM8O2u6tbyXjjhV4Xl+tK9j1W2u9v3FfRb3P+mChE2s/5H9XXb9TJBBYmZp52CDhCyyrlXHPo3FjjikG4kQQz8Jnbz9xUiYJ6alfBGiL1TScSvbC6mdL6YDgP94R+g1SFijD/zbChFcdHUtmToWni/rW51TNkV2ZPz4ZfupOkpd4Xl21nRreS8dcarC8/xoX8eqm2372ZR07fvL+kfWQV+liH98bYc8sulvggwSk2+9MLhDG7LI6XK+bnqMlShkYIhOiRbrSZcvgL2OKrbQkPIF08xT7RnLW9MzzbemA4DveEfoNUhwsc6JsEq60QiWqWPh+bK+146MH79sP5uOkufZWdOt5b109KkKz/OjfR2rbrbtZ1PSte+Z0ZfFOn2rzzBuyzCQcLKlJMJDWIPETWXdgj1HQjfNkm5enJna1JMvDkfIjjvV7ZS4zRSHNuzLq/UiSACEAe8I/RiRYHzbGpGw17HL1LHwfFnfa0fGj1+2n01HyfPsrOnW8l46+lSF5/nRvo5VN9v2synp2vdM9RPxEg8A0RHuaImGi8Rl7YfhRf0s+5sgg8SURR2b5mRLnVT1T8lUlqIDV+nNup8wL/pEZ0pq0fMtEl+46MmWictndWhDPD4A8B/vCL0GCZbNaATL1LHwfFnfa0fGj1+2H3RHifYDDhIhEGSQ6Hftl8IXJFQfHyvxNMZDOVY5ZXT6sY7b3onzfbOeKik6+GiYEMUKMAnLm2FDriPTfAAIBO8I/QgS2crUsfB8WZ8fpxvW8vz4Zfu6jtINa3knHbEb+dp+PggySMyK9PA3SGRbdO0AAOjwjjAXgoRX/Phl+0H/PWg/ke717lB+MibM01MJMkis2n2tf0ECACBIToMEXz2Tr6Kp6ySyxVf15Kt76tZj4atF8lUjdctni69iyVezlO0H/feg/Tgnr3cuCjJI3LKqH4IEAOQGp0GiqGgoLV68zHPnwp3KiBGjqX37Dtr1WIYMGUabN2/zHCY4RDz++FM0d+68hPaD/nvQfpTT1zsXBRkkRsz4OoIEAOQGp0GCd3A9e/amq64qon79rnTtssuuoHbtLlDt6dZj4fmTJk2mxx57kp599ruuvfDCMVqw4Jak9QX996D9KKevdy4KMkhcNuKLCBIAkBucBgnGO7nTTz/dM6edStDrQ/tRzdV+rgsySHQd1AJBAgByQzZBAgDiggwSw27AoQ0AyBEIEgDuBBkklq4dhiABALkBQQLAnSCDxJjZ7REkACA3IEgAuBNkkLhixOkIEgCQGxAkANwJMkhcdzNGJAAgRyBIALgTZJAYM+c8BAkAyA0IEgDuBBkkblk1EEECAHKDFSQAIHtBBYneI7+MIAEAuYF3hADgnm67ckMGiUuKvoAgAQAAAM7JIHH56JYIEgAAAOCcDBKj55yPIAEAAADOySCxaf8sBAkAAABwTgaJZXXXIEgAAACAczJIrNlzA4IEAAAAOCeDxC2rixAkAAAAwDkZJFbvxogEAAAAZEEGiUW1uIw4AAAAZEEGiQWrhyJIAAAAgHMySMxbMRhBAgAAAJyTQWLtN2YjSAAAAIBzMkgsrh2DIAEAAADOySAxYX5vBAkAAABwTgaJ4dO6IEgAAACAczJIzCm7GkECAAAAnJNBYsrCKxEkAAAAwDkZJC7o1QJBAgAAAJyTQeKSgWciSAAAAIBzMkj0HdEGQQIAAACck0Fi4twrECQAAADAORkkblw0AEECAAAAnJNB4tqZlyBIAAAAgHMySAy9/gIECQAAAHBOBonBE7+OIAEAAADOySAxbCpGJAAAACALMkj0G3s2ggQAAAA4J4PEoEmtECQAAADAORkkxsxvjyABAAAAzskgcfHVuNYGAAAAZEEGiZFz2iFIAAAAgHMySNy8qj+CBAAAADgng8SCtQMRJAAAAMA5GSSmV/ZCkAAAAADnMCIBAAAArskgMXfNlQgSAAAA4JwMEgs3DEaQAAAAAOdkkNh8ZDaCBAAAADgng0TF7rEIEgAAAOCcDBLl9eNSB4lHHmmgZcuWQRPg5xoAEi1duixhn3Tkse9CHmjOons8uaBFixaeyW3JKxkkbt14deogsX37ToU3ZgjOiBEjtdMBAEEiXzVH0T2OXCG3AzeCDBIzavogSDQ3BAkAvREjRiTsk3Q7WMhdsowdOzbBuHHjYtLdt25by8l5sujWn0vkduBGkEFiQd0Q50Fi7Njr6MorB1CPHj2pV6/e4MLFF19ivMHH07x588XOEkECQAdBIv/JIgOBFQbkbXnfPt2aZk2XRbfeXCO3AzeCDBLTq69wHiSGDLlaLQhRZWVl9PTTz2iP7aZy5MhRmjlzllo+vrNEkADQQZAoDLLogoMMCPb79np8Wxbd+nKR3A7cCDJI3Lw2zfdI2IMEd3iyIy1ky5aVqFCwbt36hB1fJqWl5VRVVUOjR18bm4YgAaCHIFE4ZLGHBXlfTreHCCaLbj25Sm4HbgQZJKrumIgg4ca+fXdpQ8Qf/vAH7W+Jw8T48RNi9xEkAPQQJAqLLLrAYA8N1n1rniy69nOZ3A7cCDJIlO1K8/FPBInU5PMiOQkSTIYHBAkAPQSJwiOLPTxY9+3T+LcsunZzndwO3AgySNy0Ms21NhAkUsu1IBGpvoUWLVqinQcQVggShUkWGRbsQcK6LYuuvXwgtwM3gh2RGI8g4UauBYm7vn89HfjhRFqxYzotWrpQWwcgbBAkCpcsHBp0gYJvy6JrJ1/I7cCNIIPE+KXdESTcyLUgce/LU+j451Ppmd9MoEOvX0ebvzWFIsvnaes2pZKSUrrjjm/Q7bfvzgovw8vq2oTsRCJltG5dnfE7fM8ngkRhk0WGB4ssuuXzidwO3AgySIyc3xFBwo21a9fRrbcuTtjpMSdBYubMm2jw4KLY/aCDBD/OO49NoG//biI98d/X0Yt/nkwv/W0KPfTuGNr97YlUtWkG3bLoFu2yQaqqqqbXX3/D3A1kX9544w3jzVytbduLmpoVtHnzFu285lBdXUO33badli2LaOd7tXr1Gjp+/DgtX75CO785IUiALFaA4EAhi265fCO3AzeCDBK3rhuJIOHGtdeOUYHg1lsXJez4MuFlrrpqMPXs2TM2LeggcfPNC+iO742l7/9lMt1x7BpasGoQ7fvBaPrOR5Pon/7vBvqOETAOvDKONhy8gUqq4l+UFTQeVeDy5z//Wf3OpljL3HHHHm3bbnCHvWfPXnr66afp8OFvGR1sLa1atToBT1uzZi0VF5do23CL183h1L4+tnXrbfT888/TkSNHaNOmLb4HCl4Ht28FiSVLitW0TZs2q08Y2etbeCSD6+nm+cVxkDjwLfrGgSymS7m4bIGRJWkkIszPtY/rlduBG6EJEvPnL0zqUAvZgAEDqU+fvqT7BstUunXrTt27d1fLx3eWTRMk/un/ptKGRwbT17/+derUpQNNnNuHNj1yDT368+voH/82hb7/v1Po/jfHUv3Tk6iibhbdckt2ISlbO3bsUjuC//u//6OnnnqabrxxOk2bdmNaXIc7el6GC7ehazsbK1eupjvv3EcNDQ30ne98R/1+9NFHjcf0lNZzzz1Hd999t+pIde1li4PJ448/Ts8++6x2fU888QQ9/PDD6jbX+da3vkW33baNyspSd/LZ4JEhDhKVlVW0ePFS2rZtO33/+9+nl156Sa2bp+uW4eeKA5d9np+cBIl1N11rbFvX0ohevWjETbsyTpdycdlCxM+LrjTVc73uJqNOxbfM+7tohrFMr5hraZkmFPixXkluB24EGSTmLC9yHiR4GHnr1m305JNPa7+1EZx58MGH1X++8Z1l0wQJPkdi65NX04UXXkitW7emr33tXGrbth0NuuZSKt0xhO59bQw9/8frVeB45n8m0F3Hx9G6fTdScVkwJ2euX7/B3B0QDR48mL785S87ctVVV5lLkWpD13Y2+JyLb3/72/S9731PhYiHHnpIBQkOLHbcmT/yyCMqTNTWrtW2l60DB+6JBRjdOp988kkVJKwwcezYMfUYVqxYpW0vW+XlFSpIWOdI8O09e/aoL13jx3TfffepgGHV59sHDhxQocavMJOKPUjwjjthB3tgOY0YtZy+oe5/i5aNMnfqqabn+rIFIN1rLEuTPddclzv9hCAxj9bZ60l+rNdGbgduBBkkhs/q4DxIQDCaMkjs/t61NG7cdTR8+DXUvfuldN5559E555yjRiku6dmZpi3tR9ufHkGP/+I6FSq++/tJdOQ/xtGOhslUumq2rx8hXb261twlEE2cOIk6d+5MF198sRq14d9duybiaZ07d6EJEyaaS5FqQ9e2UzyMv2DBLTRjxkyjY16hOmv+b3z37t00dOjVdM0116jnil1zzQhjfatjIwXLl6/Utpmtffv2qSDBhy6mTJmq1hNf5zU0ffp0+u53v6vCzje+8Q265ZZb1CEyv14LDhIcjIqLeZRop1oXvyf58Ft5ebkamVixIv63VlcvV2GGD4UMGTI0IWT4LWOQ2DKPeiX8t9eLZmxJM928r+TisgUg02vMpeme62hnP+Oma+NBIiEMpOB5vcnkduBGkEFixOzOCBLNrSmDxDdeGKvu885/1qzZNGbMWHV45qKLLlIjFK1bt6ELL7yIBlx9KW1puIae/vV4wwR64ZPr6Tu/m0R3vjSWllTO1K4nWzJIlJaW0ezZc2nu3JvVIYOFC29R+P7cufNMN6s6XNcqXoMEH77hjptHaVq2bEkdOnQwOspqWrVqlXY05JJLLlEhgkcKSkq8n6uwcOGtRmi5Q4WXtWvXatfJHfr+/ftp9OjRdPrpp9NXv/pVY2fbm268cYa2zWxxkOC/Z+vWrWok5rbbbqOOHTupoNmvX391eIMP5ViBYe/evSr48CgSnzTMYczepl8yBYlvVIgdvLifarr8bzJ3lo3eLxSZXuN7jQ4x/fPlz+uk5hkdPx9+SKivRiiM+6Oihzbi7QT7GsvtwI0gg0SPkWekDxJTp96gdloQHL6aqm4n6hddkLDmcSfA92+44UbVoXJHOXRCJ6rY25/ue/1aevb/TaDnfj+JGj64jnY9M5aWb59GSyL+HOqQQaK2dk1s+o9//GN69dVG2rBhU0J9i1zOa5Dg/+onTrxevQ4cpDhMfOELX6Dzzz9fPRc9e/ZSrw//5o71yiuvjAWJRYuSP7WTLQ5Hu3btUkFi/fr1RpDpqNbF4cHSsWNHOu200+hLX/oSnXnmmUboa69GAjhU6drMVllZhfqbHnvsMTXqMX78ePVemD17Dl122eUqWL344ou0cuUqNQrBoxebNm1SzwvX0bXpF/+DRG4vWwi8B4nUy1r3nSyrgsEoTTAwRyTWqUMVXCd5VMHbevXkduBGkEGiaNoFGJFobk09IiEvYR5TegutvH0q3fmPY9X5EVz3ex9PooOvj6TFWy+nvkM7Uu/elxFfSn7OnHm+/BcqAwFfyMya/qMf/VhN+9Of/kQnTpxQnx6Qy/GJflbxGiSYFab4+id8OGHgwIE0bNgwFRT4Uwt87gD/5hGILVu2xA5t+Bkk+D/8o0ePqnMOeISAR2V45IV/33DDNOrfvz8NHTpUvVf4MIzuo8duWUGCD2nU1a03AkKPWEjhS97zqAQ/Ng4QjA//8CePRo8ek9SW3xAkEpctBGEJEnKabr4l07Lyfqrp1v105HbgRpBB4saygQgSza2pgwQfMrDmRVbOodsenEyHf3wdvfDp9XT8s6n01IcTaNd3R9KUJb3pws5fozPOOINatTqb2rZtqw6DTJ06zZfj4laQ4E9gcGDgkx537bqd/vM//1NN+9vf/qbmc6Dg7zmwvozqBz84EfvUhh9BQjp48KD679sKCzrWyZZLlnh/DjhI8HkP8mRL3Tp5Op8Eyd/5oGvHi/LySvX3rFu3To1+8GiENY8/3nz55VdQ3779jBC1lXbs2EGDBl2lRkr4U1yynSDgHAlzmQKS6TXmIBH8c83nRshPZtgPY8Rpw4Dr9aYmtwM3ggwSE5dl8c2WEIymDBK3f3cszb15Nq3YPp32vDCBGj4YR/9ohAf+kqqjPx1HK+++mq6Z2IvatbuAvva1r6kTMXko/Yor+qhLn/N/w359LJQ/9sjF/j0S//u//0uffvqpChDMChSyWMvwdy/o2nbr4MH7VJDgjjsV/nQHd7p8gqiujWxwkODDhxxO+LCCbn3smWeeMYOEv8GJcZDgv2nhwoVq9IEPV/B3VfB3ZfAnNyZNih76GTJkiDoBlUMEn7DLJ2f6/X0adhmDhJez43Nx2QKQ6TXmINHUz7UMC3ybw4Balg9t6D7+6dN6JbkduBFkkFhzYHqOBInNL9CvVdcRL79+fqu+bo5pqiDBhyqO/nQs7f/hterTGOpjnr+ZQHuOjaJ5KwbQ5VderM4N4PDQpk0b9UkJHsKeNGmyOhzi99n53IHyf+L24iRIcOFluQ1d227wiY/caXLnNXz48NgnJ6xPTwwbNkydI3H55Zer52jUqNHadrLBJ5HyuRh8kmffvn2pqKgoYb2WYcOG09ix41SQ07XjBX9PBIcn/pgpf/T1/vvvV4cyLA888IAKOnwiJuPbPI2/+4JPvNS16ZeMQcKQ3ef1E0+my41lC0um15iDhG56EK+TJXHU4VvmsjxKYfxzFZse7GsstwM3ggwSw+delENB4tcv0GbdNN28HNJUQeI7H01U32L50l+n0EPvjKd13xpOY268TH1io7X6XomvqZGI3r1708iRo2j69Jmqc7W355dRRhrnExz50wj8fuNzAW644QZ67bXXEg5tfPLJJ/TNb36Tpk2Lzue6vMy5557rS2du4U6dNwz+pASf2Cg/OWHhEzF5g+TAxQFL1042+DATjwLwSZ7c7he/+EXtevnxfPWr56hRIV07XnBA5EMW/OmRe+89SPfcc6/x+17j9z3mbz3+uCofatK16RcnQULx8g2CTbKs0cnE/hM1eVlvHsv0GssgIacnTLNrkuc62NdYbgduBBkkLh2d4VMbqYIEF930wKQLCzkQJNI9X00RJPb/YJy6vsa+EyPo1vWDqF9RN6MzbKvCQ2sjRPB3OPA3dY4fP1GdTOn36IPO9ddPVo+B3+DcQVudJg+zc+EAwV+GdNlll6k6Vufud2du4e+TGDLkavN7K7rGvr8iUVf16Q0OWlxf1062+GOcHCb064vq0qUr8ac5Jk+eqm3DC/7uCg6T/CmMq68e5hh/coRPUG3Oj39C/sn0GicFiQIhtwM3ggwSvcednX2QsIp9eqBSjkj8mH5kHfMIcZiwim5e0EGCD0tEtg2l0Td1oq+3PUeNAnCA4I6YOw8eOuevn5YnYTYFXt/IkaNVx8wd9MUXX6ICDZ8LwEPnVoDg8NDaDDvRL6ryvzNn3CFye/HvrUjGIYufTz+/mItZ6+X27eu0pvN6/fy0hoUPD/GhlQsuuMBwoWP8/uGTMIMMnU0dJNB+Zs39N3gNErn6GsjtwI0gg0SP0a2yCxKyyOmB49BgrjdafkyHrHDRxCMSmUqmZezzgg4SfEIfnyz3la98RQUI/q4C/g+YP9rHH/Pzu1PMBq+bO0iro+RAw1+BbY1AtDYCBH/s9Lrr+LHOUX9LUJ15oeIQM2XKDTR58hQ14uEUjyjNmDFL26ZfECSyE3T7rLn/BgQJd4IMEp2GtHQeJOxFbvCBSzki0fRBgqUqurrMXuS8pji0MXDgIPVf/NChV6v/QJvio3tucEDgUZJzz21tbJC9jffhePX4dXUh/2UKErqdtp/T0H7iNN10v9eRqX0OEkG27/c0v9qS24EbQQaJS67JYkTCXuQGH7iQBQlmL7o6FnuR84IOEjwczv858ldiZ3vZ86bG/x2PGTNOfbyQQ4WuDhQOBAlv0/xuXzfd73Vkah9Bwp0gg8Rl17bOoUMbIQsSzCq6eZIs9nlBB4lcwucp4JAFWOxBQu5koTDhZEt3ggwS513eItdPtuRph+l5dQLFj+mQnB8iVtHNQ5AA0EOQADsECXeCDBIDJrXPPkiwVJ0i6KV7vhAkAPQQJMAOQcKdIIPElRNz5Qup8hiCBIAeggTYIUi4E2SQGHpjFwSJ5oYgAaCHIAF2CBLuBDoiMek8BInmhiABoIcgAXYIEu4EGSR6X/uV1EGCP3rC3znAn+eH4PD3JvBzDQCJOEzIfZJuBwuFBUHCnSCDxLxVRamDxMGDBwEAmo1958dXXoUC9/zz+ul5jjttr+S25JUMElOKB6YOEsuXL096IAAATUUXJOyHP6DA/P0P+ul5zB4kysvL6amnnqZHHmlI6ciRozRz5qyE5eS25JUMEtPLBiNIAEA49evXL2GfhCABhR4kli0rUSFh3br12rqW0tJyqqqqodGjr40tK7clr2SQGHNzTwQJAAgnBAlIUuBBYt++uzKGCAuHCb7Uv7Ws3Ja8kkHiogFpvtnSa5BwU3TtAEBhQpCAJAUeJLL9JCV/KtBaVm5LXskg0bXoy8EGCd30VLKtz0/uhg0bjCdrqXZ+KtMOHaf31dqM8v77dLx2mraeMu2QUeUQTdPNy4SXNVejyvvH6dA0TT2Ll3UB5CEECUiCIKGtk0pTBImB49J8j0RYgwQ/qWvWrKG33npLLVNZWaWtpzPtkNG1G511rdWhT6sljhUpO3jPQeI41Vr3azO0hSABkABBApIgSGjr8Pahm94UQeK6GZfmVpAoLi6OBQirnHznJDU2NtJzzz1HQ4YM0S4XNY0OvZ8mNOj4GSQu5dAi79sgSEAOKC0tpSNHjtCcOXO08/2EIAFJECSS5sttxD6vKYLEtJv7Ow8SVvn73/9u3kq8Leta9e3T0slUf9q0afT555+reqnKyy+/TL179dYun7GjNuYft45FvG92+HKZlPONeKBm2EICz0s1IlErDq9wrVqzfsb5x+lQ/EFEp6t1GSEltgBPNw/X2B5zViEKCsIll1xCFRUVtH//fu18KRKJ0MMPP6xwmJg9e7a2noXb5LZ5Hbr5mSBIQBIEiYR5cvuwyPlNESRKSq/ObkTCKhwg0oUIq65ueiqZ6hcVFdHGjRuNJ3K7OrRRVV1FJSUltHDhQpoyZQq9++679OGvPqQePXtol0/oqJPwaIURBcwOWB0COV4rlkkz3/g5pDvPQs2TRXT89nq8jlSPT85XbZjr4rAhH9shKzxYh2tsIzCp2oeCNHToUNq5c2csGDBdPYsMEZZMYULW5XXxOnX1UkGQgCQIErHpctuws+o0RZBYuWJs9oc27EVXh6Wbp+Okfrdu3ahHjx508cUXU6fOnahDhw4xr776Kn3wiw/UPN2yaTtS+zzZecvfqeZb0yWeJ0ck5H3j9nGjk48Ve1uZ5lvt6abL+ebi8ZLloR3IO+PHj6etW7cmdPIWXX0LhwbdMjxdV5/p6vO6+THo6tshSEASBAltnVSaIkgsmHuZu3MkrKKbZ8k03y7b+nYnTpyg9372HnXs2FE7P+05Epk66UzzrekSz0s43GGt3xwxEIcfEtvKNN9sL9V0OT9h/QDug8S4cePo8OHDScssWLBAW5/Z6zIECfAEQUJbJ5WmCBI3T+uWWydbHjp0SJ1YqfPxxx/Tm2++Se3bt9cuy1J/aiPNoQvVSWean7gexd6Rx+7zOuPnK/DHURNHHDLNF+2p++Zj0x7akNNty0NBatOmDXXt2pUmTpxIW7ZsSejkdfUtfBGt/v37q23Qqj9p0iQ1XVefybZ5XbxOXjc/Bl19OwQJSIIgoa2TSlMEieI5l+dWkDh27JiqpyufffYZTZ9+Y9ogwRK+R4K7dvGff/zERLPDlZ1vpvl2PM+sHi28rug8+Rje50MY3IZoK9P8WPvW/ZQnW4rpONkSDNyJt2rVik477TRq2bKlGsGbOnUq7d27V1vfMnDgQOrSpQv17dtXhYkJEyaoZbmz19Vn3Ca3zfV4XbxOXjeCBLhW4EGitnYt3XrrIm09u1mzZtPgwUWxZeW25JUMEtcNOSu3gsTo0aNp165dVFdXRzU1y6MnWy5YSLNmzqIi4wk766yzXJ8hDlBI2rZtS61bt6YzzzxTdfK87ejqSQMGDFBhgpflcNCnTx9tPQu3yW3zOnhdvJyuXioIEpCkwIPEqFGjaebMmzKGCQ4RV101mHr2jI8Yym3JKxkkam7tl1tBgvXs2VOFhc6dO6vRB6l79+7aZQAgGW8vHAzatWvnuJPnkQk+nJFuJMLCbXLbvA432yaCBCQp8CDBBgwYaIT4vsZ22Dulbt26K3I5uS15JYNEXdnQYINEtkXXDgAEgzt3DuX8SSc+d0FXxwtuk9vmdSBIgC8QJFyT25JXMkjctWNGcEECAMALBAlIgiDhmtyWvJJB4u4dMxEkACCcECQgCYKEa3Jb8koGiX233Zg6SLRo0UKdhwAA0Bx4HyT3SQgSgCDhntyWvJJBYk3Z4NRBwv4gsnXw4EEAANd0QQIK3PPP66fnOV0fmy25LXklg8RTR8uCCxI4NAIAXmBEApJgRMI1uS15JYPET364B0ECAMIJ50hAEgQJ1+S25JUMEs8/shxBAgDCCUECkiBIuCa3Ja9kkHjkwK3hDRJuiq4dAMhNCBKQBEHCNbkteSWDxHcergh3kNBNTyXb+vzibNiwwXihlmrnp5JwrY73zetapLvmRlgZj5kvDiavDlobuzAHX97DvF4HQDNBkIAkCBKuyW3JKxkktq8Z1fRBgotuup3Tehan9flFWbNmDb311ltqmcrKKm09nZRXD63NpSARvSpotIggUXucLxVq/g3W1U6tZQCaHoIEJEGQcE1uS17JIPHej+5pniDBRTdPclJHclK/uLg4FiCscvKdk+oy5M899xwNGTJEu1wUd658eW7NvFwckTAvVy5HJCQOTRiVALvS0lI6cuQIzZkzRzvfTwgSkARBwjW5LXklg8QPvrOu+YIEF918S6b5dpnqT5s2jT7//HNVL1V5+eWXqXev3trl04YFNe84HYodGjAvGW5OP66mG502H06IVTE78YQ6POBRa7YjLgdea7/0ubleT9IFCYxIFAq+DkZFRQXt379fO1+KRCL08MMPKxwmZs+era1n4Ta5bbdX5EWQgCQIEq7JbckrGSRe/l4zBwkuujos3TydTPWLiopo48aNtH37dnVoo6q6KnoZ8oULacqUKfTuu+/Sh7/6kHr07KFdPmOQsHf8XNecfkhNtzrnaB11mOR4bWxZNdJhv61bX6rpWUsdJKxDOLk1wgLZGDp0KO3cuTMWDJiunkWGCEumMCHr8rp4nbp6qSBIQBIECdfktuSVDBLPP15VOEGCdevWjXr06KGuSNipcyfq0KFDzKuvvkof/OIDNU+3bNoO3D7Pui+nZ1vHdvv4+/ExiWw7eT79QRUOLrHp+iChDmlk2T7kjvHjx9PWrVsTOnmLrr6FQ4NuGZ6uq8909Xnd/Bh09e0QJCAJgoRrclvySgaJ939yb+Ec2sjkxIkT9N7P3qOOHTtq52d1joR1P1UwcFIndts6odMc7bC341pykMBIRP5zGyTGjRtHhw8fTlpmwYIF2vrMXpchSIAnCBKuyW3JKxkknrq/uLBOtjx06JA6sVLn448/pjfffJPat2+vXZZZHW3GT23oQkK6QxtWHe3taIdvBRj++Kk/nb0tSPD65H3IS23atKGuXbvSxIkTacuWLQmdvK6+pVevXtS/f3+1DVn1J02apKbr6jPZNq+L18nr5segq2+HIAFJECRck9uSVzJI3LN7evMECd10O6f1LE7qHzt2TNXTlc8++4ymT78xbZBgCd8jwV0vB4OEwGCw7mumx0+2NKfLOiluy3W+z4c4ZJuuJQaJ2OEPUfCpjfzDnXirVq3otNNOo5YtW6oRuKlTp9LevXu19S0DBw6kLl26UN++fVWYmDBhglqWO3tdfcZtcttcj9fF6+R1I0iAawgSrsltySsZJB6875amDxJOcdFNT8VJ/dGjR9OuXbuorq6OamqWR0+2XLCQZs2cRUWDi+iss85yfYY5QC5p27YttW7dms4880zVyfN7X1dPGjBggAoTvCyHgz59+mjrWbhNbpvXwevi5XT1UkGQgCQIEq7JbckrGSQ2rm+GL6RyykkwkJzW79mzpwoLnTt3VqMPUvfu3bXLAOQjfr9zMGjXrp3jTp5HJvhwRrqRCAu3yW3zOtxsWwgSkARBwjW5LXmVcGjjm/PDHSSyLbp2AECPO3cO1fxJJT53QVfHC26T2+Z1IEiALxAkXJPbklcySGy+Y0p4gwQAFDYECUiCIOGa3Ja8kkFidf0EBAkACCcECUiCIOGa3Ja8kkFiRf344IJEixYt1HkIAABu8D5E7pMQJABBwj25LXklg8SqOycHFyQOHjwIAOCaLkhAgXv+ef30PKfrY7MltyWvZJC4de1wHNoAgHDCiAQkwYiEa3Jb8koGiatnXoAgAQDhhHMkIAmChGtyW/JKBon2g1ogSABAOCFIQBIECdfktuSVDBKlO0L8qQ03RdcOAOQmBAlIgiDhmtyWvJJBYs09s8MdJHTTU8m2Pr84GzZsMF6opdr5Wnz9C7Ums7wfv5iWY/J6Gj6JX4vjfTouro9RG7+wBx2vTV4OIMwQJCAJgoRrclvySgaJkbd0bfogwUU33c5pPYvT+vyirFmzht566y21TGVllbaelgoS4gqZ9qt+WnXSBYVU890GDOsxcaCxrkbKt/kqXFZ7ajqu7Am5BUECkiBIuCa3Ja9kkBi2sHPzBAkuunmSkzqSk/rFxcWxAGGVk++cVJcRf+6552jIkCHa5WLsQcJ+KW4ngggSYjnODzz6wJcpl1fv5PsYlQCvSktL6ciRIzRnzhztfD8hSEASBAnX5LbklQwSFw1vhpMtZdHNt2Sab5ep/rRp0+jzzz9X9VKVl19+mXr36q1dXrEHCWtEQnXmRqSwDiXERgLkZcONG6LuoYTDDtPI6OfNu9mGCV7WHIXgkQejbfX45IgE11F3cVlwSMTXwaioqKD9+/dr50uRSIQefvhhhcPE7NmztfUs3Ca37faKuggSkARBwjW5LXklg8TFo7/QvEGCi64OSzdPJ1P9oqIi2rhxI23fvl0d2qiqropeRnzhQpoyZQq9++679OGvPqQePXtol1dUkJDF/C9fTTc6cyMQxEcIouGAQ0JsWStIqOXM6UaHHw8j2YYIk1rWaNUgRx1i50iYIQdBAixDhw6lnTt3xoIB09WzyBBhyRQmZF1eF69TVy8VBAlIgiDhmtyWvJJBov+0cwonSLBu3bpRjx5Ggrr4YurUuRN16NAh5tVXX6UPfvGBmqdbVlEhQIxIWPdlCLBuy2lupjuVsJwYnbDViw5QIEgUuvHjx9PWrVsTOnmLrr6FQ4NuGZ6uq8909Xnd/Bh09e0QJCAJgoRrclvySgaJ3pP+oXAObWRy4sQJeu9n71HHjh218xXutBPOiTA7bnnSZapgkO10h3TnQiQHBmt0RE6DQuQ2SIwbN44OHz6ctMyCBQu09Zm9LkOQAE8QJFyT25JXMkiMLW6mT21w0c2TnNSRnNQ/dOiQOrFS5+OPP6Y333yT2rdvr11W4c7e6YiE/dBGqkMY1n37dKfs50JYgYGnH49On8a3EwIQFKo2bdpQ165daeLEibRly5aETl5X39KrVy/q37+/2oas+pMmTVLTdfWZbJvXxevkdfNj0NW3Q5CAJAgSrsltySsZJK5d0kyf2tBNt3Naz+Kk/rFjx1Q9Xfnss89o+vQbHQQJWYwYYZ0jYXXm9ttmTWNitMO3B4bY/VoVAtx0+PHvizBWcbxWM918nGIZKEzcibdq1YpOO+00atmypRqBmzp1Ku3du1db3zJw4EDq0qUL9e3bV4WJCRMmqGW5s9fVZ9wmt831eF28Tl43ggS4hiDhmtyWvJJBYsaqPk0fJJziopueipP6o0ePpl27dlFdXR3V1CyPnmy5YCHNmjmLigYX0VlnneX6DPNM1KiA6OQBmlPbtm2pdevWdOaZZ6pOnt/7unrSgAEDVJjgZTkc9OnTR1vPwm1y27wOXhcvp6uXCoIEJEGQcE1uS17JIDF03nmFFSRYz549VVjo3LmzGn2Qunfvrl3GLTlS4OpbMAECxO93Dgbt2rVz3MnzyAQfzkg3EmHhNrltXoebbQtBApIgSLgmtyWvZJAYt6xLuINEtkXXDgDocefOoZo/qcTnLujqeMFtctu8DgQJ8AWChGtyW/JKBokNR6aGN0gAQGFDkIAkCBKuyW3JKxkkau66FkECAMIJQQKSIEi4Jrclr2SQWPfNKcEFiRYtWqjzEAAA3OB9iNwnIUgAgoR7clvySgaJst0jgwsSBw8eBABwTRckoMA9/7x+ep7T9bHZktuSVzJIbH/kZhzaAIBwwogEJMGIhGtyW/JKBon6xxYhSABAOOEcCUiCIOGa3Ja8kkHiG0+VIEgAQDghSEASBAnX5LbklQwSqw/cGN4g4abo2gGA3IQgAUkQJFyT25JXMkjU3Dk53EFCNz2VbOvzi7NhwwbjhVqqnZ/KtEPHE66fEbsoVw5JuDZH7EqhtcSX9ooX/eXIAZoKggQkQZBwTW5LXskgsfbgzKYPElx00+2c1rM4rc8vypo1a+itt95Sy1RWVmnr6fAluvnCW7VWBzuNO18XHa79wl1uuG1DXBU08fLi/LfgCqEQHggSkARBwjW5LXkViiDBRTdPclJHclK/uLg4FiCscvKdk+oy4s899xwNGTJEu1wUd7o+/ZfenEHChsORGpXwqT3Ib6WlpXTkyBGaM2eOdr6fECQgCYKEa3Jb8koGiao9k5ovSHDRzbdkmm+Xqf60adPo888/V/VSlZdffpl69+qtXT5jR2vMjx0xeN/8z14tc5wOxWeoQyHRy4XzXaM9s85xVcdYrlYcOlH1o+2r0RBr2iHrkuN810vnL0Yk+HHwj9lu/JAH5DO+DkZFRQXt379fO1+KRCL08MMPKxwmZs+era1n4Ta5bbdX1EWQgCQIEq7JbckrGSRGzO/cvEGCi64OSzdPJ1P9oqIi2rhxI23fvl0d2qiqropeRnzhQpoyZQq9++679OGvPqQePXtol08fJKwOOdr5qk6fLxluds6x8yg4JMTCg9mWWeeQ7lyLWD1x2EHVN27LNlyyDtXEHodxWx224UM2VsCwLQP5YejQobRz585YMGC6ehYZIiyZwoSsy+viderqpYIgAUkQJFyT25JXMkgUzbqocIIE69atG/Xo0UNdkbBT507UoUOHmFdffZU++MUHap5u2Xin7mCedd/JdE2d49awABc1zxzF4JM7D9Uay2uWy5I6pJFm+dghD808yF3jx4+nrVu3JnTyFl19C4cG3TI8XVef6erzuvkx6OrbIUhAEgQJ1+S25JUMEqMWXFo4hzYyOXHiBL33s/eoY8eO2vlpz5HQhAF138n0hDrmyZvW6ETS8rXmYRJvIxIJIxEpIEjkJ7dBYty4cXT48OGkZRYsWKCtz+x1GYIEeIIg4ZrclrySQeLiEV8prJMtDx06pE6s1Pn444/pzTffpPbt22uXZVYHnPypjTSHNhKCgHlfTk+oEz2EYYUV/qhptMO31sPTzUBT6zJI8Po4iNimW485+pjk+iCftGnThrp27UoTJ06kLVu2JHTyuvqWXr16Uf/+/dU2ZNWfNGmSmq6rz2TbvC5eJ6+bH4Ouvh2CBCRBkHBNbkteySDRpk+L5gkSuul2TutZnNQ/duyYqqcrn332GU2ffmPaIMESvkeCu2QxehA/p1IXEuR962TJ5JEF2f77fIjDnJcwXY0UiDas9h3gT3/aS7S9aeL7JfgQCkYj8hF34q1ataLTTjuNWrZsqUbgpk6dSnv37tXWtwwcOJC6dOlCffv2VWFiwoQJalnu7HX1GbfJbXM9Xhevk9eNIAGuIUi4Jrclr2SQWLp1YtMHCae46Kan4qT+6NGjadeuXVRXV0c1NcujJ1suWEizZs6iosFFdNZZZ7k+wxwgl7Rt25Zat25NZ555purk+b2vqycNGDBAhQlelsNBnz59tPUs3Ca3zevgdfFyunqpIEhAEgQJ1+S25JUMEgX5zZY9e/ZUYaFz585q9EHq3r27dhmAfMTvdw4G7dq1c9zJ88gEH85INxJh4Ta5bV6Hm20LQQKSIEi4Jrclr2SQWLR1SLiDRLZF1w4A6HHnzqGaP6nE5y7o6njBbXLbvA4ECfAFgoRrclvySgaJSZFLwhskAKCwIUhAEgQJ1+S25FXCiMTmoQgSABBOCBKQBEHCNbkteSWDxOSyrsEFiRYtWqjzEAAA3OB9iNwnIUgAgoR7clvySgaJUfPPDS5IHDx4EADANV2QgAL3/PP66XlO18dmS25LXskgMW7ROTi0AQDhhBEJSIIRCdfktuSVDBIr7xyGIAEA4YRzJCAJgoRrclvySgaJxZsuQ5AAgHBCkIAkCBKuyW3JKxkktt1/fXiDhJuiaweayLRp0auS6uYBuIAgAUkQJFyT25JXMkjU7h8R7iChm55KtvX5xdmwYYPxQi3Vzk8l4VobfFlv61obzU1djMte+PFp6qZivzaIQ9FrdLyv1v8+X6xMUwcgWwgSkARBwjW5LXklg8TMmo5NHyS46KbbOa1ncVqfX5Q1a9bQW2+9pZaprKzS1tNJffXPxHrNQhMCptUajy6bYOAmSCQsk+ZS6wBZQpCAJAgSrsltySsZJG5Z37N5ggQX3TzJSR3JSf3i4uJYgLDKyXdOqsuIP/fcczRkyBDtclFN30ny6Mch+4hC7SE6fsi83LekDQHRy5I7vjqomyDBlxMVoxDRu7Y6kDdKS0vpyJEjNGfOHO18PyFIQBIECdfktuSVDBKR7f2bL0hw0c23ZJpvl6n+tGnT6PPPP1f1UpWXX36ZevfqrV0+XSerRip0nSmPCJhtxw4zqHaMgKAOB4jpoj010sGHTXSBgS/3zYdXuA0ZajSPL2FEwpgfX6VYVkyXly2PtZsB/+3Ry5Dr70O48XUwKioqaP/+/dr5UiQSoYcffljhMDF79mxtPQu3yW27vaIuggQkQZBwTW5LXskgcd2SAL+QykmQ4KKrw9LN08lUv6ioiDZu3Ejbt29XhzaqqquilxFfuJCmTJlC7777Ln34qw+pR88e2uXTBQk1L/aff4pRAGt5VZfDg9nZys6eQ4LRq79/XBw+ScUIGxxG+JwEKyjEQ4tZjMAQbcc2mhL7W3g6h57oY+HggSBRGIYOHUo7d+6MBQOmq2eRIcKSKUzIurwuXqeuXioIEpAEQcI1uS15JYNEv8ktCidIsG7dulGPHj3UFQk7de5EHTp0iHn11Vfpg198oObplk0bJAxyFMK4EZ1uLMMjC7FiBQnZjrzPoUJzsiI3qYpmHnfc8ZEO2a4RNHhUw5pnNhEvRrCoTfNYHEKQyC3jx4+nrVu3JnTyFl19C4cG3TI8XVef6erzuvkx6OrbIUhAEgQJ1+S25JUMEtOruxTOoY1MTpw4Qe/97D3q2LGjdn7GcyTMAMEjCtE65omY1siD1UkndfjyvscRCXsIsEINz0s3SpLqvhMyOBmid211IDTcBolx48bR4cOHk5ZZsGCBtj6z12UIEuAJgoRrclvySgaJKaXN9KkNLrp5kpM6kpP6hw4dUidW6nz88cf05ptvUvv27bXLMv5vm0cV9J/a4PMajAcR64ijhzis4MEnTmYckYhN47aMrt/jORLxwyzmIQxrpCBW13Zow/z7kteZRsJ6M4QtaHZt2rShrl270sSJE2nLli0JnbyuvqVXr17Uv39/tQ1Z9SdNmqSm6+oz2Tavi9fJ6+bHoKtvhyABSRAkXJPbklcySFy/7KLmCRK66XZO61mc1D927JiqpyufffYZTZ9+Y9ogwRK+R4L/zxffI8H/jScO88frxk5kdBIkTN4/tSE6dhVOrAeTeLJlfPL7KR9LOvgeidzBnXirVq3otNNOo5YtW6oRuKlTp9LevXu19S0DBw6kLl26UN++fVWYmDBhglqWO3tdfcZtcttcj9fF6+R1I0iAawgSrsltySsZJBau69X0QcIpLrrpqTipP3r0aNq1axfV1dVRTc3y6MmWCxbSrJmzqGhwEZ111lmuzzCPjkhoDh8UCnyzZU5p27YttW7dms4880zVyfN7X1dPGjBggAoTvCyHgz59+mjrWbhNbpvXwevi5XT1UkGQgCQIEq7JbckrGSRKtvUrrCDBevbsqcJC586d1eiD1L17d+0yGfFQhFFwkiHkEn6/czBo166d406eRyb4cEa6kQgLt8lt8zrcbFsIEpAEQcI1uS15JYPEmruHhztIZFt07QCAHnfuHKr5k0p87oKujhfcJrfN60CQAF8gSLgmtyWvZJBYsSfE19oAgMKGIAFJECRck9uSVzJI7Lh/FoIEAIQTggQkQZBwTW5LXskgUbN7THBBokWLFuo8BAAAN3gfIvdJCBKAIOGe3Ja8kkHijoeLgwsSBw8eBABwTRckoMA9/7x+ep7T9bHZktuSVzJIbDm4CIc2ACCcMCIBSTAi4ZrclrySQWLNnlsQJAAgnHCOBCRBkHBNbkteySCx+UAlggQAhBOCBCRBkHBNbkteySBRseXm8AYJN0XXDuQhfItmQUCQgCQIEq7JbckrGSR+9ed3wx0kdNNTybY+vzgbNmwwXqil2vla1nUpEq4nEb3wVdYXuwqxabXyeiJ8/Yzw/G24rkfhQJCAJAgSrsltySsZJN7+n9eaPkhw0U23c1rP4rQ+vyhr1qyht956Sy1TWVmlraelLoxlu7CVFS6aIkhoL8zlMw4RfM0Q8R+/unJpGDrthL8fVxrNdwgSkARBwjW5LXklg8Rb//PD5gkSXHTzJCd1JCf1i4uLYwHCKiffOakuI/7cc8/RkCFDtMvFmB3ZIeO/4lgHxh3vce58wxsknF9FNOSdM1/TRASa6F1bHQhUaWkpHTlyhObMmaOd7ycECUiCIOGa3Ja8kkHi4JMbmy9IcNHNt2Sab5ep/rRp0+jzzz9X9VKVl19+mXr36q1dXrE6cg4P5gW6eKj9kNEpxzp4nme2x0PwsY7OWFaNyqvJxg2rfsJ08/Leaj3G7fgMox3zEIq6m2FdFnXpcGO67rLjRmio5cuc2y8pni6omI/ruHpcPGqheexmPWd/k1nfoWnGE5B4mfbE+5A9vg5GRUUF7d+/XztfikQi9PDDDyscJmbPnq2tZ+E2uW23V9RFkIAkCBKuyW3JKxkkdh2ONG+Q4KKrw9LN08lUv6ioiDZu3Ejbt29XhzaqqquilxFfuJCmTJlC7777Ln34qw+pR88e2uUVq6O1fqtLh8v7Keqb51FwGEieLkYAZPtmeFDTOTCkWw9LmGeEBKPD5nMb5CEKLSNscOfO5xsktc//8ltFPK5D6nGleOzZ/k3WuhxAkPDP0KFDaefOnbFgwHT1LDJEWDKFCVmX18Xr1NVLBUECkiBIuCa3Ja9kkLjnyRWFEyRYt27dqEePHuqKhJ06d6IOHTrEvPrqq/TBLz5Q83TLKgmdpfEfOXeGPNQemx6tw6MAsWJ1orLTtO7zb7NavNhGOOz1bdOT1sXTrcdl1TPFcoFmHnfKxw/Z2rfo1s+3zebixXzs5r14SfM3WfcdQJDwbvz48bR169aETt6iq2/h0KBbhqfr6jNdfV43PwZdfTsECUiCIOGa3Ja8kkFibtVVhXNoI5MTJ07Qez97jzp27Kidr4jOT3ViRieuhudj02vJ6MLN/9jFdHunKafzIQJrun2+/X7C9BTrUvNcjkjYRxNidTTr59upHns2f5OskwknIRGCondtdSAtt0Fi3LhxdPjw4aRlFixYoK3P7HUZggR4giDhmtyWvJJBYtSsjoV1suUh4z9uPrFS5+OPP6Y333yT2rdvr11WSdWRxqZz5x4/V0B92kFN5w5aHNrgEQM53fqv2mrH3slqp6dal7mMWo4PvRiP0uk5Ekw9NuPvsqZxG/zkJq0/xWPP9m+y7juRtH5N6IG02rRpQ127dqWJEyfSli1bEjp5XX1Lr169qH///mobsupPmjRJTdfVZ7JtXhevk9fNj0FX3w5BApIgSLgmtyWvZJCYUzOgeYKEbrqd03oWJ/WPHTum6unKZ599RtOn3+g8SKSYzh26NbTPIxaxzp3rmNONGWI6d/bWdHliolhP7H6t6qSNbloFmJTrsnH+qY2ohO+R4MdkHZZIelyax55qesq/ybzvEL5HwhvuxFu1akWnnXYatWzZUo3ATZ06lfbu3autbxk4cCB16dKF+vbtq8LEhAkT1LLc2evqM26T2+Z6vC5eJ68bQQJcQ5BwTW5LXskgMbm4W9MHCae46Kan4qT+6NGjadeuXVRXV0c1NcujJ1suWEizZs6iosFFdNZZZ7k+wzwb3FHrzlMAh/DNlp61bduWWrduTWeeeabq5Pm9r6snDRgwQIUJXpbDQZ8+fbT1LNwmt83r4HXxcrp6qSBIQBIECdfktuSVDBJ3P90Mn9pwykkwkJzW79mzpwoLnTt3VqMPUvfu3bXL+CH6n7RZ5H/vAM2E3+8cDNq1a+e4k+eRCT6ckW4kwsJtctu8DjfbFoIEJEGQcE1uS17JILHqzgnhDhLZFl07AKDHnTuHav6kEp+7oKvjBbfJbfM6ECTAFwgSrsltySsZJKp3jwlvkACAwoYgAUkQJFyT25JXMkhsPTQHQQIAwglBApIgSLgmtyWvZJCYu3xgcEGiRYsW6jwEAAA3eB8i90kIEoAg4Z7clrySQWLdXbOCCxIHDx4EAHBNFySgwD3/vH56ntP1sdmS25JXMkjc/XgNDm0AQDhhRAKSYETCNbkteSWDxAMvNMPVPwEAnMA5EpAEQcI1uS15JYPE+jvnIUgAQDghSEASBAnX5LbklQwSS9aMDW+QcFN07UBI4NsoIUsIEpAEQcI1uS15JYPEzJKh4Q4SuumpZFufX5wNGzYYL9RS7fxk0YtcJX0jZZprVsSuJ+HyuhK+4fWrZ8gsqa5/ERBcHwPcQJCAJAgSrsltySsZJNbcvqjpgwQX3XQ7p/UsTuvzi7JmzRp666231DKVlVXaelqqQ5aXyOYrY6a5AmWogoR43KkuwhWEhHXgip3gHIIEJEGQcE1uS17JILHnaF3zBAkuunmSkzqSk/rFxcWxAGGVk++cVJcRf+6552jIkCHa5aRp0euBG7ejl8t+37pctk6AQSKrK3rag4R5CfLapggStguURe/a6kDOKC0tpSNHjtCcOXO08/2EIAFJECRck9uSVzJIHHl2b/MFCS66+ZZM8+0y1Z82bRp9/vnnql6q8vLLL1PvXr21y8eZAeL4+4nD9EanHLsul/3QgeywbfVU587zYx292ckn3TapS3QbtbWHU6KHX963XxQsoX2DfURCPj6rforHm+1oAgcvGbbs96F58XUwKioqaP/+/dr5UiQSoYcffljhMDF79mxtPQu3yW27vaIuggQkQZBwTW5LXoVmRMIqujos3TydTPWLiopo48aNtH37dnVoo6q6KnoZ8YULacqUKfTuu+/Sh7/6kHr07KFdPoG9Y7YP2ds76FjHHA0hx2ujHWni6Ia5PP/LbhT1X3tsueg6+FyD948fotpMnbkRNg6ZQccKA1YWiBbj0cv2E9Yjpqf6u6x6DiBIhNPQoUNp586dsWDAdPUsMkRYMoUJWZfXxevU1UsFQQKSIEi4Jrclr2SQePylewonSLBu3bpRjx491BUJO3XuRB06dIh59dVX6YNffKDm6ZZNoOt41SOQxeiAs/jP3xry57Bw6JAxnQOGMTHW6fJtOQJiMnOHGUgS53GnHQsMMvhY9zM9LlXPXkSwcABBIlzGjx9PW7duTejkLbr6Fg4NumV4uq4+09XndfNj0NW3Q5CAJAgSrsltySsZJMrWzy6cQxuZnDhxgt772XvUsWNH7fwEuo7XfgjCmi47at1y1n0VGvgwAt/nwxeHjEBhBgFV3+uIhGYEJdVJl/Lx6v6ubEQTUux+9K6tDjQZt0Fi3LhxdPjw4aRlFixYoK3P7HUZggR4giDhmtyWvJJB4lvP3F5YJ1vyf/p8YqXOxx9/TG+++Sa1b99eu2wCe8erOmajg7T+05YdcUJHnerQBrfB50MY/++bbaiPTFrnUEh+nCNh3Y89rui5GNYy0zjUyMdr/7usdpxIWMZ2qASaXJs2bahr1640ceJE2rJlS0Inr6tv6dWrF/Xv319tQ1b9SZMmqem6+ky2zevidfK6+THo6tshSEASBAnX5LbklQwSD3x3T/MECd10O6f1LE7qHzt2TNXTlc8++4ymT7/RZZDgadzBm41ZHblVT9Y3bsfryTaskGHet/0nb5f9pzZkMWKEdcjDfAwq1FjzjltBguto/i7ZtgP4Honw4E68VatWdNppp1HLli3VCNzUqVNp79692vqWgQMHUpcuXahv374qTEyYMEEty529rj7jNrltrsfr4nXyuhEkwDUECdfktuSVDBLVW+c2fZBwiotueipO6o8ePZp27dpFdXV1VFOzPHqy5YKFNGvmLCoaXERnnXWW6zPMIQN8s2WotG3bllq3bk1nnnmm6uT5va+rJw0YMECFCV6Ww0GfPn209SzcJrfN6+B18XK6eqkgSEASBAnX5LbklQwSBxo2FFaQYD179lRhoXPnzmr0Qerevbt2GYB8xO93Dgbt2rVz3MnzyAQfzkg3EmHhNrltXoebbQtBApIgSLgmtyWvEkYkbpsV7iCRbdG1AwB63LlzqOZPKvG5C7o6XnCb3DavA0ECfIEg4ZrclrySQeKbT28Kb5AAgMKGIAFJECRck9uSVzJIbD2wDEECAMIJQQKSIEi4Jrclr2SQqNw6Lbgg0aJFC3UeAgCAG7wPkfskBAlAkHBPbkteySCxfMfM4IIEAIBXcp/EwUJXBwrIs8/qp+cxv973clvySgaJ4nUTECQAILzkPglBAhAk3JPbklcySKz7xkIECQAIL7lPQpAABAn35LbklQwS6/cuQpAAgPCS+yQECUCQcE9uS17JILFq53wECQAIL7lPQpAABAn35LbklQwSm+8pQZAAgPCS+yQECUCQcE9uS17JILHx7mIECQAIL7lPQpAABAn35LbkFYIEAOQMuU9CkAAECffktuQVggQA5Ay5T0KQAAQJ9+S25FVCkNiPcyQAIMTkPglBAhAk3JPbklcySKzefQuCBACEl9wnIUgAgoR7clvySgaJZesDvNYGAIBXcp+EIAEIEu7JbckrGSS23FOGIAEA4SX3SQgSgCDhntyWvJJBYs03liBIAEB4yX0SggQgSLgntyWvZJD43r8eQZAAgPCS+yQECUCQcE9uS17JIPFPbz6MIAEA4SX3SQgSgCDhntyWvJJBYut9SxEkACC85D4JQQIQJNyT25JXMkhENo9HkACA8JL7JAQJQJBwT25LXskgMXf5VQgSABBecp+EIAEIEu7JbckrGSTmrRyAIAEA4SX3SQgSgCDhntyWvJJBYlbVFQgSABBecp+EIAEIEu7JbckrGSRG3XwhggQAhJfcJyFIAIKEe3Jb8koGiWvnd0CQAIDwkvskBAlAkHBPbkteySDR69qWCBIAEF5yn4QgAQgS7sltyavEEYkuCBIAEF5yn4QgAQgS7sltyauEEYnRZyJIAEB4yX0SggQgSLgntyWvZJAYcP3XESQAILzkPglBAhAk3JPbklcySFw25qsIEgAQXnKfhCABCBLuyW3JKxkkLrn6DAQJAAgvuU9CkAAEiUupvLycnnrqaXrkkYaUjhw5SjNnzkpYTm5LXskg0bbfaQgSABBecp+EIAGFHiSWLStRIWHduvW0dOmylEpLy6mqqoZGj742tqzclrySQaL15S0QJAAgvOQ+CUECCj1I7Nt3V8YQYeEwMX78hNiyclvySgaJdgMQJAAgxOQ+CUECCj1IbN++UxsaUhkxYmRsWbkteSWDxNWzz0eQAIDwkvskBAlAkAhfkLihAhftAoAQk/skBAlAkAhfkLhuEYIEAISY3CchSACCRDxIyG3DrimDxBcvxDkSABBicp+EIAEIEokjEnL7sMj5TREkzrr4ywgSABBecp+EIAEIEsmHNuQ2Yp/XFEHi/P4YkQCAEJP7JAQJQJDQnyPB24duelMEiatmnI0gAQDhJfdJCBKAIBG+ky2vmvUlBAkACC+5T0KQAASJ8AWJuXUXI0gAQHjJfRKCBBR6kKitXUu33rpIGxrsZs2aTYMHF8WWlduSVzJIXF9+IYIEAISX3CchSEChB4lRo0bTzJk3ZQwTHCKuumow9ezZK7as3Ja8kkFi2LyvIUgAQHjJfRKCBBR6kGADBgykPn36Uq9evVPq1q27IpeT25JXMkgMmPYVBAkACC+5T+IdKhS4e+/VT89zum0jW3Jb8koGiaGzz0WQAIDwwj4J4FKaN2+eJxxG5LbklQwSU8q7IUgAQHhhnwQQDRJDhgyh4cOHZ23UqFGBBolxSzogSABAeOn2SWVl5fT008/QI480ZHT06P00f/6ChDYBmoOX9y0HidGjRydsD05NnDgx0CDRf2rYzpGYNo2mTctiuuRl2XwXxHMT9POK1w0M9n3SsmUldOTIUVq3br32bHW7SKSMKiqq1Nnu9rYBmorX922Yg8SwuedlHySmHTpO75NZ3n+fjtdO09bLVu1xbvV91fb7x2szTpe8LGupPW7UORT9W6Yd4iXs5TjVJi0Tr2ctmzidn5/EZZzgx6It8m+Ydsh4+g/RNLGcjpfnJv3fl27ZWuPZkuV9OmSGAifPTfrHHC3y8UD+su+T9u3b73hnbCktLafx4ycktQ3QVLy+b8McJG5ee1V2QUJ1sEbnVWv9pziNO4x4J+FaQqc4jQ4ZAUW1mWq6X8tauG66zonn2ztM7u2Py/a5nzenW+tVz09yAHHOtrz8mxL+vhRSPQeppstlU/19Tpa1P26Lk+cmVfupHo9cFvKOfZ+0Y8cu7U7XwvV00+U3/AE0tVTv21TvV4v1vg1zkKjZMymbIJGq0/CB6iTkf55mJ5Fqunlf8bKsEv27jhv/7aYKEvyfcKa/m0MWL2/9ltPdd3geg4Tn5yYu9nc5WTbFY3P03Dh8bPa2ID/Z90npgoRVTzcPQQKaU7ogkeo9y3IhSAye0SaLIJGu47LPs+6r30ZXqIakuUPU/xeq62D4fqrpsoP1sqyaZ/RUPNpgrx+T8Lel+C9a/ofMPV+svjFd3dW064hcX3QdqsSe2/SPy/NzExP/+xwty4+Nf8zHG6uf8rmJL5u6/ej9KPF8J0yHfGPfJ2XaITPdfAQJaE5e37dhDhJdr2nRBEGCD31kOI8iVefhpFPxsqzqwIygo+vALDw9U4fFdYyFY39/7Fi+GaJ07Tpj69jl85zu9TCleg5STbfu28m/z9Gy5mNTh8D4EIbo9DM9N07al49HTof8Y98n6XbIsg6zz2cIEtCcnAQJ3Xs3F4JEn+tOb4oRicw7/FSdh9NOxY9ldfNl0EicHqeWS/M3Rv8Jt7frVPMHCfvfl82yllR1dM9NpvbVfQfvKcgP9n0SRiQgF+XziMSVk87w6RwJj0Ei5XHxVNPN+4rrZcWhAlHSdWJ2PN+okObv8zoE7y1IeHpeDdq/z+Gykv55TPHcpGk/8/MN+ca+T0q1Q2ZWPd08BAloTpmChG4ey4Ugcd2tF2UTJOI78uRPbUQ7PCtkTDP2/lkFiYR6IrCkmu7XskJyZ5dhGW5fdvIW1fNF18vPg3En7YhGeh6DhJfnJtXf52BZ9T4xwkD0cVrvEeO2k+cm3WPW1Ye8Zt8npQsSjOvppiNIQHNKFyR00y25ECT2P7s0uyDBEr5Hgnft5vkPqvOwph1PFSRsHaOQ/rsD7NMT2/GyrCUpSBgd4KFD8bai4suqftBWrOVj5wEYa87033p69sdqPCbVtDEt4bn1/3nN/Pele16nJT4H4nnVPzeJj1/XfrrHA/nLvk9as2Zdxkso2/EllQcPLkpqG6CpeH3fhjlIlGwbkn2QCJSXb2D0sqxjRoeXEIxyRBDPja/Pq0bQ7UNOsO+T+Jv+Zs68yfFO2doZ9+zZK6ltgKbi9X0b5iCx/t7xIQsSAACCbp80YMBA6tOnL/Xq1Tujbt26K7JNgObg5X0b5iBRdfvVCBIAEF7YJwFEgwRvA5MmTcra1KlTAw0S931vMYIEAIQX9kkAl6og4JXclrySQWLr0cmpgwQAAACAnQwSI+e3QpAAAAAA52SQGD73HxAkAAAAwDkZJIbc9CUECQAAAHBOBomb13VDkAAAAADnZJCYUn4eggQAAAA4J4NE8bbLESQAAADAORkktj80AUECAAAAnJNBYs6aNFf/BAAAALCTQWLxVpxsCQAAAFmQQeKWzZ0RJAAAAMA5GSR2NoxDkAAAAADnZJDYfP9wBAkAAABwTgaJ3U+OR5AAAAAA52SQuOu7uPonAAAAZEEGidufGIsgAQAAAM7JILHtoWEIEgAAAOCcDBIP/nAuggQAAAA4J4PEiQ9qESQAAADAORkk9n4bn9oAAACALMggsfLAFQgSAAAA4JwMEmW3X4IgAQAAAM7JIFF7T18ECQAAAHBOBonIrq4IEgAAAOCcDBKlu3AZcQAAAMiCDBLz1p6PIAEAAADOySAxp/brCBIAAADgnAwSC9ZfgCABAAAAzskgMWx2C+9BYtOmLfTCC8fo2We/C6bHHnuSyssrtc8XABQO7B+TBbF/xPOcLMh+SAaJ60taegsSdXXr6fHHn6L6+m/Q6tV1YKqr20ybN2+juXPna583AMh/2D/q+b1/xPOsF2Q/JINE9R09vQWJb33rAbx4KfCLOGPGTdrnDQDyH/aPqfm5f8TznFpQ/ZAMEvO9fmpj//57tQ8eoiZOnKx93gAg/2H/mJ5f+0c8z+kF0Q/JIHFrXVsEiSAhSAAULuwf00OQaBpBB4nFmy5EkAgSggRA4cL+MT0EiaYRfJBonwdB4tE3ySo/fVQzP5U9J+g3vzlBe3TzfIIgAVC40MGlhyAhBNgfBR0kbqw8KyRBgp9EMwxYxVkoeIx+aix5fI9uXgbyhQvoRUSQAChczdXB7TmeuDf9zfG7ovPs+znzn7Cs/gHzUaiDhPgHVZWfPqav55ccDhKzlp8ToiAhn0S+z69dpje4qvcmPaqbl4lcZ0AvIoIEQOFqjiChQkTCvoz/2TLDhH2f5/afMJ+ENUhEg1hiv/LoT132M04F1AexoIPEwo3tQhok7NPUm94q1ps/uoHEilH30YQkbtazt23dj02/i+RisfTuAwQJgMLV9EEixQitfZ/Hv3X1mlg4gwT3B6mfm8TRnsQ+5rjokOL/BCf2U2q6ev6tkqKf8lHQQWL++rB8/FP7JPILwCnQ+q2pm+7J56EpHo6y17HuO23HAwQJgMLV5EEi5X7M3Ieq+Rwhmj9EsFAGCX6OnI5yyz7GiASx8MDT1esQ/Sc1cWQ9RX+W8rXzLuggMXdt6xwIEuaLlFjMF8K+nL2u7gWy7svp9jo+QZAAKFyhDBLGz/HjVkdnr9e0Qhsk0j036jkUheval7Hu69qyL6+K+dqkW68HQQeJmze0yYFDG+meYDmPb/NGYiXtVMvrptvr+ARBAqBwNXmQUIFBM9qg2eepIfqgTyDMIJRBItVzyPj5c9vH2OfJaemm+yDoILH+SL+wBgl+Ma0hIXnbRi5nayN20hFPF0NJCdPlsqKOXxAkAApX0wcJsX+LTYvuP5NOtjSH3f08Jyxb4QwS1nkQif2BOtkyXR8jn/PY/VSHNjT9mb0NHwUdJPY/PyZEQcJ4cuPFlgjt860n3PbkPyrOavmN8cJb86JvjGiJTU+xLE62BAA/NEeQYHJ/xyXWaSV1ViJkxKY1nbAGCWZ/Dq3RG20fY39e5X2+bdbnol4L2zRtGPFR0EHirudHhCRI5CkECYDChf1jemEOEvkk6CBx53NXI0gECUECoHBh/5gegkTTCDpI7PnOEASJICFIABQu7B/TQ5BoGkEHidufHuQtSOzYsZtqalZrH3yhW7KkhEaOvFb7vAFA/sP+MTU/9494nlMLqh+SQWL3M0XegkRR0VBavHgZXkQbfvFGjBhN7dt30D5vAJD/sH/U83v/iOdZL8h+SAaJvd/2eLIlN9SzZ2+66qoi6tfvSjBddtkV1K7dBer50T1vAJD/sH/U83v/iOdZL8h+SAaJ6StaegsSjBs7/fTTwSaIFw8Acgv2j3p+7x/xPOsF1Q/JILF0+wX0/wPu/iVH6rJASAAAAABJRU5ErkJggg==', 'Surakarta', '2020-07-02', 'L', 'Kristen', b'1');

-- ----------------------------
-- Table structure for tkelas
-- ----------------------------
DROP TABLE IF EXISTS `tkelas`;
CREATE TABLE `tkelas`  (
  `id` int(11) NOT NULL AUTO_INCREMENT,
  `KodeKelas` varchar(15) CHARACTER SET latin1 COLLATE latin1_swedish_ci NOT NULL,
  `NamaKelas` varchar(50) CHARACTER SET latin1 COLLATE latin1_swedish_ci NOT NULL,
  PRIMARY KEY (`id`) USING BTREE
) ENGINE = InnoDB AUTO_INCREMENT = 4 CHARACTER SET = latin1 COLLATE = latin1_swedish_ci ROW_FORMAT = Dynamic;

-- ----------------------------
-- Records of tkelas
-- ----------------------------
INSERT INTO `tkelas` VALUES (2, 'KL01', '7A');
INSERT INTO `tkelas` VALUES (3, 'KL02', '7B');

-- ----------------------------
-- Table structure for tmapel
-- ----------------------------
DROP TABLE IF EXISTS `tmapel`;
CREATE TABLE `tmapel`  (
  `id` int(11) NOT NULL AUTO_INCREMENT,
  `KodeMapel` varchar(15) CHARACTER SET latin1 COLLATE latin1_swedish_ci NOT NULL,
  `NamaMapel` varchar(50) CHARACTER SET latin1 COLLATE latin1_swedish_ci NOT NULL,
  PRIMARY KEY (`id`) USING BTREE
) ENGINE = InnoDB AUTO_INCREMENT = 5 CHARACTER SET = latin1 COLLATE = latin1_swedish_ci ROW_FORMAT = Dynamic;

-- ----------------------------
-- Records of tmapel
-- ----------------------------
INSERT INTO `tmapel` VALUES (2, 'KD01', 'Matematika');
INSERT INTO `tmapel` VALUES (3, 'KD02', 'Bahasa Ingris');
INSERT INTO `tmapel` VALUES (4, 'KD03', 'Biologi');

-- ----------------------------
-- Table structure for tpembelajaran
-- ----------------------------
DROP TABLE IF EXISTS `tpembelajaran`;
CREATE TABLE `tpembelajaran`  (
  `id` int(11) NOT NULL AUTO_INCREMENT,
  `MapelID` int(11) NOT NULL,
  `NIKGuru` varchar(50) CHARACTER SET latin1 COLLATE latin1_swedish_ci NOT NULL,
  `KelasID` int(11) NOT NULL,
  `ShortDesc` varchar(50) CHARACTER SET latin1 COLLATE latin1_swedish_ci NOT NULL,
  `LongDesc` longtext CHARACTER SET latin1 COLLATE latin1_swedish_ci NOT NULL,
  `FileItem` longtext CHARACTER SET latin1 COLLATE latin1_swedish_ci NOT NULL,
  `Createdby` varchar(255) CHARACTER SET latin1 COLLATE latin1_swedish_ci NOT NULL,
  `Createdon` datetime(6) NOT NULL ON UPDATE CURRENT_TIMESTAMP(6),
  `isActive` bit(1) NOT NULL DEFAULT b'1',
  PRIMARY KEY (`id`) USING BTREE
) ENGINE = InnoDB AUTO_INCREMENT = 2 CHARACTER SET = latin1 COLLATE = latin1_swedish_ci ROW_FORMAT = Dynamic;

-- ----------------------------
-- Records of tpembelajaran
-- ----------------------------
INSERT INTO `tpembelajaran` VALUES (1, 2, '1002', 2, 'te', 's', 'data:application/vnd.openxmlformats-officedocument.wordprocessingml.document;base64,UEsDBBQABgAIAAAAIQAykW9XZgEAAKUFAAATAAgCW0NvbnRlbnRfVHlwZXNdLnhtbCCiBAIooAACAAAAAAAAAAAAAAAAAAAAAAAAAAAAAAAAAAAAAAAAAAAAAAAAAAAAAAAAAAAAAAAAAAAAAAAAAAAAAAAAAAAAAAAAAAAAAAAAAAAAAAAAAAAAAAAAAAAAAAAAAAAAAAAAAAAAAAAAAAAAAAAAAAAAAAAAAAAAAAAAAAAAAAAAAAAAAAAAAAAAAAAAAAAAAAAAAAAAAAAAAAAAAAAAAAAAAAAAAAAAAAAAAAAAAAAAAAAAAAAAAAAAAAAAAAAAAAAAAAAAAAAAAAAAAAAAAAAAAAAAAAAAAAAAAAAAAAAAAAAAAAAAAAAAAAAAAAAAAAAAAAAAAAAAAAAAAAAAAAAAAAAAAAAAAAAAAAAAAAAAAAAAAAAAAAAAAAAAAAAAAAAAAAAAAAAAAAAAAAAAAAAAAAAAAAAAAAAAAAAAAAAAAAAAAAAAAAAAAAAAAAAAAAAAAAAAAAAAAAAAAAAAAAAAAAAAAAAAAAAAAAAAAAAAAAAAAAAAAAAAAAAAAAAAAAAAAAAAAAAAAAAAAAAAAAAAAAAAAAAAAAAAAAAAAAAAAAAAAAAAAAAAAAAAAAAAAAAAAAAAAAAAAAAAAAAAAAAAAAAAAAAAAAAAAAAAAAAAAAAAAAAAAAAAAAAAAAAAAAAAAAAAAAAAAAAAAAAAAAAAAAAAAAAAAAAAAAAAAAAAAAC0lMtqwzAQRfeF/oPRtthKuiilxMmij2UbaPoBijRORPVCo7z+vuM4MaUkMTTJxiDP3HvPCDGD0dqabAkRtXcl6xc9loGTXmk3K9nX5C1/ZBkm4ZQw3kHJNoBsNLy9GUw2ATAjtcOSzVMKT5yjnIMVWPgAjiqVj1YkOsYZD0J+ixnw+17vgUvvEriUp9qDDQcvUImFSdnrmn43JBEMsuy5aayzSiZCMFqKRHW+dOpPSr5LKEi57cG5DnhHDYwfTKgrxwN2ug+6mqgVZGMR07uw1MVXPiquvFxYUhanbQ5w+qrSElp97Rail4BId25N0Vas0G7Pf5TDLewUIikvD9Jad0Jg2hjAyxM0vt3xkBIJrgGwc+5EWMH082oUv8w7QSrKnYipgctjtNadEInWADTf/tkcW5tTkdQ5jj4grZX4j7H3e6NW5zRwgJj06VfXJpL12fNBvZIUqAPZfLtkhz8AAAD//wMAUEsDBBQABgAIAAAAIQAekRq37wAAAE4CAAALAAgCX3JlbHMvLnJlbHMgogQCKKAAAgAAAAAAAAAAAAAAAAAAAAAAAAAAAAAAAAAAAAAAAAAAAAAAAAAAAAAAAAAAAAAAAAAAAAAAAAAAAAAAAAAAAAAAAAAAAAAAAAAAAAAAAAAAAAAAAAAAAAAAAAAAAAAAAAAAAAAAAAAAAAAAAAAAAAAAAAAAAAAAAAAAAAAAAAAAAAAAAAAAAAAAAAAAAAAAAAAAAAAAAAAAAAAAAAAAAAAAAAAAAAAAAAAAAAAAAAAAAAAAAAAAAAAAAAAAAAAAAAAAAAAAAAAAAAAAAAAAAAAAAAAAAAAAAAAAAAAAAAAAAAAAAAAAAAAAAAAAAAAAAAAAAAAAAAAAAAAAAAAAAAAAAAAAAAAAAAAAAAAAAAAAAAAAAAAAAAAAAAAAAAAAAAAAAAAAAAAAAAAAAAAAAAAAAAAAAAAAAAAAAAAAAAAAAAAAAAAAAAAAAAAAAAAAAAAAAAAAAAAAAAAAAAAAAAAAAAAAAAAAAAAAAAAAAAAAAAAAAAAAAAAAAAAAAAAAAAAAAAAAAAAAAAAAAAAAAAAAAAAAAAAAAAAAAAAAAAAAAAAAAAAAAAAAAAAAAAAAAAAAAAAAAAAAAAAAAAAAAAAAAAAAAAAAAAAAAAAAAAAAAAAAAAAAAAAAAAAAAAAAAAAAAAAAAAAAAAAAAAAAAAAAAAAAAAAAAAAAAAAAAAAArJLBasMwDEDvg/2D0b1R2sEYo04vY9DbGNkHCFtJTBPb2GrX/v082NgCXelhR8vS05PQenOcRnXglF3wGpZVDYq9Cdb5XsNb+7x4AJWFvKUxeNZw4gyb5vZm/cojSSnKg4tZFYrPGgaR+IiYzcAT5SpE9uWnC2kiKc/UYySzo55xVdf3mH4zoJkx1dZqSFt7B6o9Rb6GHbrOGX4KZj+xlzMtkI/C3rJdxFTqk7gyjWop9SwabDAvJZyRYqwKGvC80ep6o7+nxYmFLAmhCYkv+3xmXBJa/ueK5hk/Nu8hWbRf4W8bnF1B8wEAAP//AwBQSwMEFAAGAAgAAAAhAJNrFLmHBgAAdC8AABEAAAB3b3JkL2RvY3VtZW50LnhtbNxaXZOiOBR936r9D5QPW7sP3RDCh7hjT6nobNfM1lrj9g+IEDUlECoJbbu/fhMUFXV6EJlte19EEnJycu/JzU3gw8eXONKeMeOEJt0WuDdaGk4CGpJk3m09/T26a7c0LlASoogmuNtaY976+PDzTx9WnZAGWYwToUmIhHdWadBtLYRIO7rOgwWOEb+PScAopzNxH9BYp7MZCbC+oizUTQMY+b+U0QBzLvsboOQZ8dYWLniphhYytJKNFaClBwvEBH7ZY4CLQWzd09unQGYNIDlCE5xCwYuhHF2xOgGyagFJVidIdj2kM4Nz6iGZp0huPSR4itSuh3Qip/hU4DTFiaycURYjIW/ZXI8RW2bpnQROkSBTEhGxlpiGU8AgkixrMJKtdggxDC9GcPWYhjiCYYFCu62MJZ1t+7tde0W9s2m/vRQtWJXxb5r42+CQj1xnOJK2oAlfkHQ3w+O6aLJyUYA8vzaI5zgqnluloOJ0+VZ48jem3ANWob+1fxxtmL+OCIwKHlEQuxZVKJT7LJjEUoX7jmuZ5sC4oGIAKQDMEwAnwBUDfoHR3mLowX6GKhxScWoUOBuvKByyNyyoGMeOyRwAcHwZhF3w4Ov4YETp/DrZfmI0S/do5Dq0x30QWql04AKsrfwPpyS/jsxkgVIZm+Kg8zhPKEPTSDKSYtakHrXcA+pXulVd8r/4RVOBoPUg05cpDdfqmsoaq5Mihh6lchwTOkO7J7MeVSqDv1Cl1qgPe7Atk6NVR6ZK4dduyzDMIbCgsyvy8QxlkVA11gja3rCoGR8U5R2OWX6ZiHUkGXaeUdRtfSFcjCWHOUPpoqWrB5Is3jxJoueoeM7Y1T2GRZmpyvRdA33fBaN0NmRMPijWqTQOT3EUTYRc1TYw+VPi4TNOppnIFihRjUUO8QrAMAkPmyt3dniKAlmfMswxe8atB60S1CmXLBHZ8u1pMJxGZIk4aZBKfmUlQOWrUxFCz7Og5ffKIgSuBy3HKIuwLLX/SITgEhG+ZpLx40DrfX2s6yROI0EyfomLvmFw4Bt23z0yuGkCv+21B+/M4FWt9/UHSLyuI1EyR+LtecQ4zpL5UqbajYbCkNQlFKFldiGX8wqX65rpAfNoXYNw5I7ahtJ9FYUPeka/v3v4PSh8SeW2IfwRYfyWFpYr9IUFWjYudk4E1tZyTtelNcVsikN0veytntSnD5WaS+lczx4N3FFJ9mVxv2fZf8Y1srnz9nPBYGg5I+8obLiuA4cHMeJi+22LrrZfbqsmMhEgp7UopvY10uUovki335lNv8zF710tZSRGbF3CPe8w4ADD6A/UtuRQ8IO2Y/Wd/WblfTisqs3HiAvSbBSr6f0l5gJNSdQolwQLufEtb4rOe992Dde1bFj2PuhZpuPne9oq3jeHZrvn/xDvN7ZxGL6kmBH18gFAYz6tvc6gJFwRsWjQWcCIpymvS2iFliJrkI1dl8gCsRvYF9CUIfVmCkVvz0WQEN3AwQS6iTgnMJvLRXLepFZrUlniIEPRDYi16bkr5FpCZCLCZYQKFupfQkN8X+pBP7sMGMC1PcNXJ0WHSYBvQA/6oLQMlIP9e1sG/kAsXCF23WYjlcuItG6DnmMo1kKU1I69Yfj2am44j63JAgl0AyEmwlPSZI5Qk8YUc1Q+Pv4OjfPRAfhWzxvC/lF0cPv2YATeW3SoarvPKLoFJclQg5lMagjHb09mkN3CFE9lRtPk6g20iAQ4CcoGPj8VDAPCXr9vl6cCsA3oALN87v//mQpPDb9hy83Nce0zd5nh30BwDcmSJjPCFJ1mU2yi5rzcwrz9Wy6/D9vD43cAhj8cOY7v1lf7tuhqtV/0bvs1kz+lsquwtiKXNxCb808y356GVC5aLkgDWQe0LA8Y+fcSB+JzLc8eSP1UFJ/TdyFUp1vNi6+xPcmk/5fm3UNt/OVeA1C7Uye4dc0/yRrNE4B5TETB5EYeswP75jWbkU5z1OmAbyyxLRUPvx4DVWjzNBn6TfX/WwnovORMb9iGA0Mp6TDRtaEJ5KpfklxZWO9RcsC4LanZ2mQMzjqJ40CMd44/cns6n/wjq1bSOsBT38yuOgv1VqMN25te0/mfKGdEU1luWZvPYch8Ifa3UyoEjff3EZ4d1C6wXBuk3FwjPxGfUSoObueZyG+3i1FAIy5LtwNUz+TFIQ0+MfVhWSciCR6rAxoZ4py8kV4MMf+7+cxM338u//AvAAAA//8DAFBLAwQUAAYACAAAACEAs76LHQUBAAC2AwAAHAAIAXdvcmQvX3JlbHMvZG9jdW1lbnQueG1sLnJlbHMgogQBKKAAAQAAAAAAAAAAAAAAAAAAAAAAAAAAAAAAAAAAAAAAAAAAAAAAAAAAAAAAAAAAAAAAAAAAAAAAAAAAAAAAAAAAAAAAAAAAAAAAAAAAAAAAAAAAAAAAAAAAAAAAAAAAAAAAAAAAAAAAAAAAAAAAAAAAAAAAAAAAAAAAAAAAAAAAAAAAAAAAAAAAAAAAAAAAAAAAAAAAAAAAAAAAAAAAAAAAAAAAAAAAAAAAAAAAAAAAAAAAAAAAAAAAAAAAAAAAAAAAAAAAAAAAAAAAAAAAAAAAAAAAAAAAAAAAAAAAAAAAAAAAAAAAAAAAAAAAAAAAAAAAAAAAAAAAAAAAAAAAAAAAAACsk81qwzAQhO+FvoPYey07bUMJkXMpgVxb9wFke/1D9WOkTVq/fUVKEocG04OOM2JnvoXVevOtFTug8701ArIkBYamsnVvWgEfxfbhBZgnaWqprEEBI3rY5Pd36zdUksKQ7/rBs5BivICOaFhx7qsOtfSJHdCEl8Y6LSlI1/JBVp+yRb5I0yV30wzIrzLZrhbgdvUjsGIc8D/Ztmn6Cl9ttddo6EYF90gUNvMhU7oWScDJSUIW8NsIi6gINCqcAhz1XH0Ws97sdYkubHwhOFtzEMuYEBRm8QJwlL9mNsfwHJOhsYYKWaoJx9mag3iKCfGF5fufk5yYJxB+9dvyHwAAAP//AwBQSwMEFAAGAAgAAAAhALb0Z5jSBgAAySAAABUAAAB3b3JkL3RoZW1lL3RoZW1lMS54bWzsWUuLG0cQvgfyH4a5y3rN6GGsNdJI8mvXNt61g4+9UmumrZ5p0d3atTCGYJ9yCQSckEMMueUQQgwxxOSSH2OwSZwfkeoeSTMt9cSPXYMJu4JVP76q/rqquro0c+Hi/Zg6R5gLwpKOWz1XcR2cjNiYJGHHvX0wLLVcR0iUjBFlCe64Cyzcizuff3YBnZcRjrED8ok4jzpuJOXsfLksRjCMxDk2wwnMTRiPkYQuD8tjjo5Bb0zLtUqlUY4RSVwnQTGovTGZkBF2DpRKd2elfEDhXyKFGhhRvq9UY0NCY8fTqvoSCxFQ7hwh2nFhnTE7PsD3petQJCRMdNyK/nPLOxfKayEqC2RzckP9t5RbCoynNS3Hw8O1oOf5XqO71q8BVG7jBs1BY9BY69MANBrBTlMups5mLfCW2BwobVp095v9etXA5/TXt/BdX30MvAalTW8LPxwGmQ1zoLTpb+H9XrvXN/VrUNpsbOGblW7faxp4DYooSaZb6IrfqAer3a4hE0YvW+Ft3xs2a0t4hirnoiuVT2RRrMXoHuNDAGjnIkkSRy5meIJGgAsQJYecOLskjCDwZihhAoYrtcqwUof/6uPplvYoOo9RTjodGomtIcXHESNOZrLjXgWtbg7y6sWLl4+ev3z0+8vHj18++nW59rbcZZSEebk3P33zz9Mvnb9/+/HNk2/teJHHv/7lq9d//Plf6qVB67tnr58/e/X913/9/MQC73J0mIcfkBgL5zo+dm6xGDZoWQAf8veTOIgQyUt0k1CgBCkZC3ogIwN9fYEosuB62LTjHQ7pwga8NL9nEN6P+FwSC/BaFBvAPcZoj3Hrnq6ptfJWmCehfXE+z+NuIXRkWzvY8PJgPoO4JzaVQYQNmjcpuByFOMHSUXNsirFF7C4hhl33yIgzwSbSuUucHiJWkxyQQyOaMqHLJAa/LGwEwd+GbfbuOD1Gber7+MhEwtlA1KYSU8OMl9BcotjKGMU0j9xFMrKR3F/wkWFwIcHTIabMGYyxEDaZG3xh0L0Gacbu9j26iE0kl2RqQ+4ixvLIPpsGEYpnVs4kifLYK2IKIYqcm0xaSTDzhKg++AElhe6+Q7Dh7ref7duQhuwBombm3HYkMDPP44JOELYp7/LYSLFdTqzR0ZuHRmjvYkzRMRpj7Ny+YsOzmWHzjPTVCLLKZWyzzVVkxqrqJ1hAraSKG4tjiTBCdh+HrIDP3mIj8SxQEiNepPn61AyZAVx1sTVe6WhqpFLC1aG1k7ghYmN/hVpvRsgIK9UX9nhdcMN/73LGQObeB8jg95aBxP7OtjlA1FggC5gDBFWGLd2CiOH+TEQdJy02t8pNzEObuaG8UfTEJHlrBbRR+/gfr/aBCuPVD08t2NOpd+zAk1Q6Rclks74pwm1WNQHjY/LpFzV9NE9uYrhHLNCzmuaspvnf1zRF5/mskjmrZM4qGbvIR6hksuJFPwJaPejRWuLCpz4TQum+XFC8K3TZI+Dsj4cwqDtaaP2QaRZBc7mcgQs50m2HM/kFkdF+hGawTFWvEIql6lA4MyagcNLDVt1qgs7jPTZOR6vV1XNNEEAyG4fCazUOZZpMRxvN7AHeWr3uhfpB64qAkn0fErnFTBJ1C4nmavAtJPTOToVF28KipdQXstBfS6/A5eQg9Ujc91JGEG4Q0mPlp1R+5d1T93SRMc1t1yzbayuup+Npg0Qu3EwSuTCM4PLYHD5lX7czlxr0lCm2aTRbH8PXKols5AaamD3nGM5c3Qc1IzTruBP4yQTNeAb6hMpUiIZJxx3JpaE/JLPMuJB9JKIUpqfS/cdEYu5QEkOs591Ak4xbtdZUe/xEybUrn57l9FfeyXgywSNZMJJ1YS5VYp09IVh12BxI70fjY+eQzvktBIbym1VlwDERcm3NMeG54M6suJGulkfReN+SHVFEZxFa3ij5ZJ7CdXtNJ7cPzXRzV2Z/uZnDUDnpxLfu24XURC5pFlwg6ta054+Pd8nnWGV532CVpu7NXNde5bqiW+LkF0KOWraYQU0xtlDLRk1qp1gQ5JZbh2bRHXHat8Fm1KoLYlVX6t7Wi212eA8ivw/V6pxKoanCrxaOgtUryTQT6NFVdrkvnTknHfdBxe96Qc0PSpWWPyh5da9Savndeqnr+/XqwK9W+r3aQzCKjOKqn649hB/7dLF8b6/Ht97dx6tS+9yIxWWm6+CyFtbv7qu14nf3DgHLPGjUhu16u9cotevdYcnr91qldtDolfqNoNkf9gO/1R4+dJ0jDfa69cBrDFqlRjUISl6joui32qWmV6t1vWa3NfC6D5e2hp2vvlfm1bx2/gUAAP//AwBQSwMEFAAGAAgAAAAhAHt6DNUdBAAAxAsAABEAAAB3b3JkL3NldHRpbmdzLnhtbLRWTW/bOBC9L7D/wdB5HUuy7CRqncJ27E2KeLuos9gzJVI2EX6BpOy4xf73HVJi5DRpkbTIJaHmzbwZko8zfv/hnrPejmhDpZhEyUkc9YgoJaZiM4n+uV32z6KesUhgxKQgk+hATPTh4vff3u9zQ6wFN9MDCmFyXk6irbUqHwxMuSUcmROpiACwkpojC596M+BI39WqX0qukKUFZdQeBmkcj6OWRk6iWou8pehzWmppZGVdSC6ripak/Rci9EvyNiGXsqw5EdZnHGjCoAYpzJYqE9j4z7IBuA0kux9tYsdZ8Nsn8Qu2u5caP0S8pDwXoLQsiTFwQZyFAqnoEmdPiB5yn0DudoueCsKT2K+OKx+9jiB9QjAuyf3rOM5ajgFEHvNQ/Dqe8QMP7Q42Gf9cMUcEhryOYhTqMAfe7ciwl9xxA93QQiPdvKD2gnmZX2+E1KhgUA5cdA/uquerc39hy+6fX0LOC3jIX6TkvX2uiC5BzdAF4jgaOAA0JKu1RRYic6MIY74tlIwgSLTPNxpxeNDB4mMwqVDN7C0q1lYqcNoh2M9p2lKWW6RRaYleK1QC21wKqyULflj+Je0cmoMG7bYRvlV0q3XTdiBCIA47fNRKVhITV1mt6cuvwgX47MnoOOW3iSS0SU0xuXUnu7YHRpZQ/Jp+IVOBP9bGUmD0DeUXKvhRAUS4zJ9AC7cHRZYE2RqO6Y2S+ZtYMqpWVGuprwUGbbxZMlpVREMCClpbgXyolnt/zlcEYZhOb5S3NuRfcIanOLwFWd7NpLWSXx3UFs76127S631wLF+YsdiExWcp7YNrnC2Ho/NFU6lDOyRdJNlw/DySnk0vn0O+zzaenQ6Hw+eQ+TSezaZtzW2lPHcz7W8dVk7uPd5EzBEvNEW9lZt6A+dR6LsZFQEvCDQrcoys6yKA/X4DGI4YW8LBB8AfGs8xNeqSVH7NVkhvOt7WQz9rhd7z8YHL9TKi/9SyVg2610g1Mg4uSZa1kVTYG8qD3dTFOkQJaK9HUC3wp53259Qdzz63IAvfDm6Ql5f3JaJ/3V5QyfTaSYeskFKNAotNMokY3Wxt4kRj4QvDjyP/UWzSFks9ljaY/0Cl2xl4t4vOlgbbkd8w2IadLQu2rLONgm3U2cbBNna2LfQcDQPgDh5DWDp7JRmTe4KvOvyJqTkEs0WKXDbzAeQlG0M7MExvl5N7mD4EUwu/ORXFHN27YZR6+bfeDB1kbR/5Osw5q8cMGFnUPv/Bo2Av8W9qcXOrpCDH9YEX3Tj6oymcUQOtQ8HkslIH7J3HkizHsrx2MzULoy5Jz5fxvIFHfuJZ313g3j+TaoYMwS0WQkdN6NflIptn8dm8PxvNzvvZ4vS0fz4+XfSHy+n0fJGcTWfJ4r/2kYaf3xf/AwAA//8DAFBLAwQUAAYACAAAACEAd747B8gDAACzGQAAEgAAAHdvcmQvbnVtYmVyaW5nLnhtbOyW227bOBCG7xfYdzAE7GVCnSzLQp0iaeJFirQo2uwD0BJtEeFBIOnT25fUybHluJK8zV6sb8KYnPk0PzkczoePG0oGKyQk5mxiOde2NUAs5glmi4n1z/P0KrQGUkGWQMIZmlhbJK2PN3/+8WEdsSWdIaENB5rBZLTO4omVKpVFAMg4RRTKa4pjwSWfq+uYU8DncxwjsOYiAa7t2Pl/meAxklJzPkG2gtIqcfGmHS0RcK2dDdAHcQqFQpsdw+kMGYIxCJsgtwdIK3SdJsrrjAqAiaoB8nuBdFQN0rAf6Yi4oB/JbZJG/UhekxT2IzXSiTYTnGeI6cU5FxQq/VMsAIXiZZldaXAGFZ5hgtVWM+2gwkDMXnpEpL1qAvWSzoQRoDxBxEsqCp9YS8Gi0v+q9jehR4V/OVQeoo3+wuWex0uKmMqVA4GI3gvOZIqz+obTvjS9mFaQ1SkRK0oqu3XmtLwub5Wn+2Ird8A24Zf7T0kR+WmiY7c4EYOoPdqEsP/NKhKqs3D34V5b82pznZYFpAK4DUAQo5YFv2KEJQPEuxtqOLjl1ag4xakYDt5trNOyjh0G8wogUTfEsIpDbukrRdnivLT9W/BltqPh82iPuyK0Nv1AB1aZ/q+vpDwvmB8pzHRtonH0uGBcwBnREelkHuh8HOQnYP7qYzVD/i/aDEwhsG50/wJnUgkYq69LOtj79agTSPdBGhIJpJsfYSaLVud2rpC4Ewi+GBNDYdLgoxUkun0Kh3f27W1oAbNCl0ThJ7RC5Hmbocom3c4ETr6YNWLWCltFM1JZPDgPn27vgqBYISuzgPVQBBWpjOhnyAvtsW3b0zyGPMY6iMJPd2dTWk8mKMYUlh/TrGe0qdf+cq7r+c9xNUvQXBXT2TdhBsyMTjM9sUZuHkoK2SJvFL3ANragNhblMOVMSWOJmTJRzKEWXprmNiD/7KFQ51CoM24plPA1Ek9I6WM6LtbtLNbx/ZNqj0twGxLuukj4zilkxxV4xxQIvEjfluA6wb4EJ2whwTuSbmZGv8P6MV8hE/+/kH5+5xNxw7DHifhHkqqfnF8m2bCzJK2gh6ThkSQ7Q9KJpAu6J53vHVSJVkkXvE/SjTqf0NDuUwZG75d0YXdJo4Oy0EpS+G5JN+6edIF/UBreSDqw9+Ibysl2wDxIndsB370fjcbVQ963HRgH4yCcPjzUW1EfxP+6HfhNl+i/bA9+zyW6tAuXduHSLlzahUNJl3bhrHaB5W0Cq9oDM7XXM+wpAbllw819262KIncrxqLluPkJAAD//wMAUEsDBBQABgAIAAAAIQBz+ZrJxQsAAKlzAAAPAAAAd29yZC9zdHlsZXMueG1svJ3bcts4Eobvt2rfgaWr2YtEPspJapwpx4nXro0TT+RsriESsrAGCS0PPuzTLwBSEuQmKDbY45vEEtUfQPz4m2iKpH7/4ymV0QPPC6Gy09H+271RxLNYJSK7Ox39vL14824UFSXLEiZVxk9Hz7wY/fHx73/7/fFDUT5LXkQakBUf0vh0tCjL5YfxuIgXPGXFW7Xkmd44V3nKSv0yvxunLL+vlm9ilS5ZKWZCivJ5fLC3Nxk1mLwPRc3nIuafVVylPCtt/DjnUhNVVizEsljRHvvQHlWeLHMV86LQO53Kmpcyka0x+0cAlIo4V4Wal2/1zjQ9sigdvr9n/0rlBnCMAxwAwCTmTzjGu4Yx1pEuRyQ4zmTNEYnDCeuMAyg4DnG86kfxnJo9SuMPV3eZytlMapLWKNLDHFmw+Vf31vxn/9Qf/6gnbKLiz3zOKlkW5mV+kzcvm1f2vwuVlUX0+IEVsRC3ul8angrdzuVZVoiR3sJZUZ4VgrVuXJg/WrfERem8/UkkYjQ2LRb/0xsfmDwdHRys3jk3Pdh6T7LsbvUez95cfXZ7Yt/6OTVvzTT3dMTyN9MzEzhudqz+39nd5ctXtuEli4Vth81Lrr24P9kzUCmM9Q+O369e/KjMmLOqVE0jFlD/v8aOwYhri2rDTuu8obfy+VcV3/NkWuoNpyPbln7z59VNLlSuc8Pp6L1tU7855am4FEnCM+eD2UIk/NeCZz8Lnmze//PC+rt5I1ZVpv8+PJnYWSCL5MtTzJcmW+itGTOafDMB0ny6EpvGbfh/V7D9Rom2+AVnJmVG+y8RtvsoxIGJKJy9bWdWL/bdfgrV0OFrNXT0Wg0dv1ZDk9dq6OS1Gnr3Wg1ZzF/ZkMgS/lQbETYDqLs4HjeiOR6zoTkeL6E5HqugOR4noDmeiY7meOYxmuOZpghOqWLfLHQm+6Fntndzdx8jwri7Dwlh3N1HgDDu7oQfxt2d38O4u9N5GHd39g7j7k7WeG691IqutM2ycrDL5kqVmSp5VPKn4TSWaZatI2l45qDHc5KdJMDUma05EA+mxcy+3j1DrEnDj+elKfAiNY/m4q7KeTG44zx74FItecSSRPMIgTkvq9wzIiFzOudznvMs5pQTmw5qKsEoq9IZwdxcsjsyFs8S4uFbEUmSwnpC6/p5YUwiCCZ1yuJcDe+aYmT54asoho+VgUSfKik5EesbzRSzrOG1gcUMLw0sZnhlYDHDCwNHM6ohamhEI9XQiAasoRGNWz0/qcatoRGNW0MjGreGNnzcbkUpbYp3Vx37/c/dnUtlzvwP7sdU3GVMLwCGH26ac6bRDcvZXc6Wi8iclW7HuvuMbeeTSp6jW4pj2ppEta63U+Rc77XIquEDukWjMteaR2SvNY/IYGvecItd62WyWaBd0tQz02pWtprWknqZdspkVS9oh7uNlcNn2MYAFyIvyGzQjiWYwd/MctbISZH5Nr0c3rENa7itXmYl0u41SIJeShXf06Thy+clz3VZdj+YdKGkVI88oSNOy1zVc821/IGVpJflv6TLBSuErZW2EP0P9atrBqJrthy8QzeSiYxGty9vUiZkRLeCuLy9/hrdqqUpM83A0AA/qbJUKRmzORP42y8++wdNB890EZw9E+3tGdHpIQs7FwQHmZqkEiKSXmaKTJAcQy3vX/x5plie0NBucl5fplNyIuKUpct60UHgLZ0XH3X+IVgNWd6/WS7MeSEqU92SwJzThkU1+w+Ph6e6byoiOTP0vSrt+Ue71LXRdLjhy4Qt3PAlglVTHx7M/CXY2S3c8J3dwlHt7LlkRSG8X6EG86h2d8Wj3t/hxV/DU1Ll80rSDeAKSDaCKyDZECpZpVlBuceWR7jDlke9v4RTxvIITslZ3j9zkZCJYWFUSlgYlQwWRqWBhZEKMPwKHQc2/DIdBzb8Wp0aRrQEcGBU84z08E/0LY8Do5pnFkY1zyyMap5ZGNU8O/wc8flcL4LpDjEOkmrOOUi6A01W8nSpcpY/EyG/SH7HCE6Q1rSbXM3N/Rsqqy/iJkCac9SScLFd46hE/sVnZF0zLMp+EZwRZVIqRXRubXPAsZHb167tCrN3cgzuwo1kMV8omfDcs0/+WF0vT+vbMl5233aj12nPr+JuUUbTxfpsv4uZ7O2MXBXsW2G7G2wb88nqfpa2sGueiCpddRTeTDE57B9sZ/RW8NHu4M1KYivyuGckbHOyO3KzSt6KPOkZCdt81zPS+nQrsssPn1l+3zoRTrrmz7rG80y+k65ZtA5ubbZrIq0j26bgSdcs2rJKdBbH5tsCqE4/z/jj+5nHH49xkZ+CsZOf0ttXfkSXwX7wB2GO7JikadtbXz0B8r5dRPfKnH9Wqj5vv/WFU/+buq70wikreNTKOez/xdVWlvGPY+9040f0zjt+RO8E5Ef0ykTecFRK8lN65yY/oneS8iPQ2QoeEXDZCsbjshWMD8lWkBKSrQasAvyI3ssBPwJtVIhAG3XASsGPQBkVhAcZFVLQRoUItFEhAm1UuADDGRXG44wK40OMCikhRoUUtFEhAm1UiEAbFSLQRoUItFED1/be8CCjQgraqBCBNipEoI1q14sDjArjcUaF8SFGhZQQo0IK2qgQgTYqRKCNChFoo0IE2qgQgTIqCA8yKqSgjQoRaKNCBNqo9a2G4UaF8TijwvgQo0JKiFEhBW1UiEAbFSLQRoUItFEhAm1UiEAZFYQHGRVS0EaFCLRRIQJtVPtl4QCjwnicUWF8iFEhJcSokII2KkSgjQoRaKNCBNqoEIE2KkSgjArCg4wKKWijQgTaqBDRNT+bryh9l9nv4896eq/Y7//VVdOpH+6t3C7qsD9q1Ss/q/+9CJ+Uuo9abzw8tPVGP4iYSaHsKWrP1+ou114Sgfri8/t59x0+Ln3gQ5eaeyHsd6YAftQ3EpxTOeqa8m4kKPKOuma6GwlWnUdd2deNBIfBo66ka325uihFH45AcFeacYL3PeFd2doJh0PclaOdQDjCXZnZCYQD3JWPncDjyCTnl9HHPcdpsr6+FBC6pqNDOPETuqYl1GqVjqEx+ormJ/RVz0/oK6OfgNLTi8EL60ehFfajwqSGNsNKHW5UPwErNSQESQ0w4VJDVLDUEBUmNUyMWKkhASt1eHL2E4KkBphwqSEqWGqICpMaHsqwUkMCVmpIwEo98IDsxYRLDVHBUkNUmNRwcYeVGhKwUkMCVmpICJIaYMKlhqhgqSEqTGpQJaOlhgSs1JCAlRoSgqQGmHCpISpYaojqktqeRdmSGqWwE45bhDmBuAOyE4hLzk5gQLXkRAdWSw4hsFqCWq00x1VLrmh+Ql/1/IS+MvoJKD29GLywfhRaYT8qTGpctdQmdbhR/QSs1LhqySs1rlrqlBpXLXVKjauW/FLjqqU2qXHVUpvU4cnZTwiSGlctdUqNq5Y6pcZVS36pcdVSm9S4aqlNaly11Cb1wAOyFxMuNa5a6pQaVy35pcZVS21S46qlNqlx1VKb1LhqySs1rlrqlBpXLXVKjauW/FLjqqU2qXHVUpvUuGqpTWpcteSVGlctdUqNq5Y6pcZVS9c6RBA8AmqasryM6J4Xd8mKRcmGP5zwZ5bzQskHnkS0u/oVtZfjx62fvzJs+wN6+vOlHjPzBHTndqWkfgJsA7QfvErWP1Nlgk1PouYHwZq3bYebr2vrFm0gbCpe6Lbi5tlVnqaaZ9Cub6KyT6B92bDnQbW2I5sJuPp0M6Sb8ao/tzVanf0uzYTv6LM1ROcY1Z7xdfB9kwR29VD3Zybrn0zTf1xliQY8Nj8XVvc0eWI1Sm8/51Jes/rTaun/qOTzst66v2cfWfBi+6x++p43Prdp2gsYb3emftn8bJtnvOvn8TfXD3inpMlFLcNtL2YZOtL+vm3ZZd0b0+bmvr+XnbJZc7O5HlWmW/puvA2sBLt92FwbsDGZHvZCGP3t9r29o4vD4/df6k81v6on7Pww6ppreJoDRGweqfBUVkw2d3fXO7v6Hb1mp1d/FR//DwAA//8DAFBLAwQUAAYACAAAACEAQMH/8TkBAAAjAwAAFAAAAHdvcmQvd2ViU2V0dGluZ3MueG1snNJfT8IwEADwdxO/w9J36CCykIVBYgzGF2OifoDS3aCx7S294sBP720CYnhhvvT//XLXdrbYOZt8QiCDvhCjYSoS8BpL49eFeH9bDqYioah8qSx6KMQeSCzmtzezJm9g9Qox8klKWPGUO12ITYx1LiXpDThFQ6zB82aFwanI07CWToWPbT3Q6GoVzcpYE/dynKaZODDhGgWrymh4QL114GMXLwNYFtHTxtR01JprtAZDWQfUQMT1OPvjOWX8iRndXUDO6ICEVRxyMYeMOorDR2k3cvYXmPQDxhdApmHXz5geDMmR544p+znZyTHlmfO/ZM4Agn7E5JgH7V1bkdP509pjUCvLEr9RwtecdHDbcrZt1w35+Jx/LdbROPMFSwz3ARuCINtlZS02L8+PPJF/vvb8GwAA//8DAFBLAwQUAAYACAAAACEAQdkRQ9YBAAAfBgAAEgAAAHdvcmQvZm9udFRhYmxlLnhtbNyS0W6bMBSG7yftHSzfNxhK0gyVVFrXSJOmXUzdAzjGgDVsIx8nNG+/Y0PSSFmlsotdDAs4/n3O5+Mf7h9edEcO0oGypqTpglEijbCVMk1Jfz5vb9aUgOem4p01sqRHCfRh8/HD/VDU1nggWG+g0KKkrfd9kSQgWqk5LGwvDS7W1mnuceqaRHP3a9/fCKt77tVOdcofk4yxFZ0w7j0UW9dKyC9W7LU0PtYnTnZItAZa1cOJNryHNlhX9c4KCYBn1t3I01yZMybNr0BaCWfB1n6Bh5k6iigsT1mMdPcKWM4DZFeAlZAv8xjriZFg5SVHVfM4qzNHVRecv2vmAgByHmJ56gOOOpxIi+JrY6zjuw5J+I0I2kwiODyx2/CKIaZvpv+VDIXhGguelZZAvsuB/LCam5jQc2NBpphz4F1JWYZjxW7ZkuV4ZxjlNAmJouUOZICNiWyUa65VdzypLnLjQq+8aE/6gTsVmh6XQDW4sIcdK+kTYyx72m7pqKQlfUTlbr38PClZ2Ctenybl9qywoIjIidN05IjIOefgnsnoxJUjj7xTO6fecGIbHQgjRx+yWU7AoADmOZH/yYksv/uXTpBvqmn9m34EF/5TP6YANr8BAAD//wMAUEsDBBQABgAIAAAAIQCu7AF8dwEAAP0CAAARAAgBZG9jUHJvcHMvY29yZS54bWwgogQBKKAAAQAAAAAAAAAAAAAAAAAAAAAAAAAAAAAAAAAAAAAAAAAAAAAAAAAAAAAAAAAAAAAAAAAAAAAAAAAAAAAAAAAAAAAAAAAAAAAAAAAAAAAAAAAAAAAAAAAAAAAAAAAAAAAAAAAAAAAAAAAAAAAAAAAAAAAAAAAAAAAAAAAAAAAAAAAAAAAAAAAAAAAAAAAAAAAAAAAAAAAAAAAAAAAAAAAAAAAAAAAAAAAAAAAAAAAAAAAAAAAAAAAAAAAAAAAAAAAAAAAAAAAAAAAAAAAAAAAAAAAAAAAAAAAAAAAAAAAAAAAAAAAAAAAAAAAAAAAAAAAAAAAAAAAAAAAAAAAAAAAAAACMkk1PwzAMhu9I/Icq9y7pNhCquk58aCeQkBga4hYSs2VrkyjxKP33pO3WUbEDNzt+/Np5k2z+XRbRFzivjJ6RZMRIBFoYqfR6Rl6Xi/iGRB65lrwwGmakBk/m+eVFJmwqjINnZyw4VOCjoKR9KuyMbBBtSqkXGyi5HwVCh+KncSXHkLo1tVzs+BromLFrWgJyyZHTRjC2vSI5SErRS9q9K1oBKSgUUIJGT5NRQk8sgiv92Ya28ossFdYWzqLHYk9/e9WDVVWNqkmLhv0T+vb0+NJeNVa68UoAyTMpUlRYQJ7RUxgiv//YgsDuuE9CLBxwNC5/dtwD1ia63apopT5MZVr2WG+c30FdGSd9UBlkAZPghVMWw3t2MwYHgS64x6fwwJ8K5F19ftxfrOl08KWaf5InLdGn2cH0bkWQUTAr7aw9VlaT+4flguRjNmYxu4rZdMkmKZumjL03Ww76T4LlYYF/K06ToeJRoDNq+GHzHwAAAP//AwBQSwMEFAAGAAgAAAAhAGKtCabXAQAA1wMAABAACAFkb2NQcm9wcy9hcHAueG1sIKIEASigAAEAAAAAAAAAAAAAAAAAAAAAAAAAAAAAAAAAAAAAAAAAAAAAAAAAAAAAAAAAAAAAAAAAAAAAAAAAAAAAAAAAAAAAAAAAAAAAAAAAAAAAAAAAAAAAAAAAAAAAAAAAAAAAAAAAAAAAAAAAAAAAAAAAAAAAAAAAAAAAAAAAAAAAAAAAAAAAAAAAAAAAAAAAAAAAAAAAAAAAAAAAAAAAAAAAAAAAAAAAAAAAAAAAAAAAAAAAAAAAAAAAAAAAAAAAAAAAAAAAAAAAAAAAAAAAAAAAAAAAAAAAAAAAAAAAAAAAAAAAAAAAAAAAAAAAAAAAAAAAAAAAAAAAAAAAAAAAAAAAAAAAnFPBbtswDL0P2D8YujdKujQLAlnFkGLoYVsDxG3PnEw7wmRJkNSg2dePthtP2XaaT++R1OMTKYvb184URwxRO1uyxWzOCrTK1dq2JXusPl+tWRET2BqMs1iyE0Z2K9+/E7vgPIakMRYkYWPJDin5DedRHbCDOKO0pUzjQgeJaGi5axqt8M6plw5t4tfz+Yrja0JbY33lJ0E2Km6O6X9Fa6d6f/GpOnnSk6LCzhtIKL/1J43gU0BULoGpdIfyw0eKT0zsoMUoF4KPQDy7UEe5Xgo+IrE9QACVaHhyub4RPOPik/dGK0g0VvlVq+Cia1LxMHgt+vOC5yWC/O9RvQSdTnIueE7FF22pP/UdARkL0Abwhzd3ExN7BQa3dHPZgIko+O+AuEfot7oD3fs7ps0RVXKhiPon7fWaFd8hYj+vkh0haLCJjWUjGbDxMQVZ6WRIe+IDzMtyrJe9yRFcFg5k8ED40t3QIT40dLf0D7OL3OzgYbSa2cmdnXv8obp1nQdL8+UTogH/iI++cnf903ib4WUw2/qzToe9B0U7uVmt8/1nGbGnKNa00GknU0Dc0w2C6fXprG2xPtf8nehf1NP4n8rFajanb3hC5xg9hOkHkr8AAAD//wMAUEsBAi0AFAAGAAgAAAAhADKRb1dmAQAApQUAABMAAAAAAAAAAAAAAAAAAAAAAFtDb250ZW50X1R5cGVzXS54bWxQSwECLQAUAAYACAAAACEAHpEat+8AAABOAgAACwAAAAAAAAAAAAAAAACfAwAAX3JlbHMvLnJlbHNQSwECLQAUAAYACAAAACEAk2sUuYcGAAB0LwAAEQAAAAAAAAAAAAAAAAC/BgAAd29yZC9kb2N1bWVudC54bWxQSwECLQAUAAYACAAAACEAs76LHQUBAAC2AwAAHAAAAAAAAAAAAAAAAAB1DQAAd29yZC9fcmVscy9kb2N1bWVudC54bWwucmVsc1BLAQItABQABgAIAAAAIQC29GeY0gYAAMkgAAAVAAAAAAAAAAAAAAAAALwPAAB3b3JkL3RoZW1lL3RoZW1lMS54bWxQSwECLQAUAAYACAAAACEAe3oM1R0EAADECwAAEQAAAAAAAAAAAAAAAADBFgAAd29yZC9zZXR0aW5ncy54bWxQSwECLQAUAAYACAAAACEAd747B8gDAACzGQAAEgAAAAAAAAAAAAAAAAANGwAAd29yZC9udW1iZXJpbmcueG1sUEsBAi0AFAAGAAgAAAAhAHP5msnFCwAAqXMAAA8AAAAAAAAAAAAAAAAABR8AAHdvcmQvc3R5bGVzLnhtbFBLAQItABQABgAIAAAAIQBAwf/xOQEAACMDAAAUAAAAAAAAAAAAAAAAAPcqAAB3b3JkL3dlYlNldHRpbmdzLnhtbFBLAQItABQABgAIAAAAIQBB2RFD1gEAAB8GAAASAAAAAAAAAAAAAAAAAGIsAAB3b3JkL2ZvbnRUYWJsZS54bWxQSwECLQAUAAYACAAAACEAruwBfHcBAAD9AgAAEQAAAAAAAAAAAAAAAABoLgAAZG9jUHJvcHMvY29yZS54bWxQSwECLQAUAAYACAAAACEAYq0JptcBAADXAwAAEAAAAAAAAAAAAAAAAAAWMQAAZG9jUHJvcHMvYXBwLnhtbFBLBQYAAAAADAAMAAEDAAAjNAAAAAA=', 'admin', '2020-07-03 02:58:45.000000', b'1');

-- ----------------------------
-- Table structure for tsiswa
-- ----------------------------
DROP TABLE IF EXISTS `tsiswa`;
CREATE TABLE `tsiswa`  (
  `id` int(11) NOT NULL AUTO_INCREMENT,
  `NISN` varchar(50) CHARACTER SET latin1 COLLATE latin1_swedish_ci NOT NULL,
  `NIS` varchar(50) CHARACTER SET latin1 COLLATE latin1_swedish_ci NOT NULL,
  `NamaSiswa` varchar(255) CHARACTER SET latin1 COLLATE latin1_swedish_ci NOT NULL,
  `KelasID` int(11) NOT NULL,
  `TempatLahir` varchar(255) CHARACTER SET latin1 COLLATE latin1_swedish_ci NOT NULL,
  `TanggalLahir` date NOT NULL,
  `Gender` varchar(1) CHARACTER SET latin1 COLLATE latin1_swedish_ci NOT NULL,
  `Alamat` varchar(255) CHARACTER SET latin1 COLLATE latin1_swedish_ci NOT NULL,
  `Email` varchar(50) CHARACTER SET latin1 COLLATE latin1_swedish_ci NOT NULL,
  `NoTlp` varchar(15) CHARACTER SET latin1 COLLATE latin1_swedish_ci NOT NULL,
  `Agama` varchar(15) CHARACTER SET latin1 COLLATE latin1_swedish_ci NOT NULL,
  `LastUpdatedby` varchar(15) CHARACTER SET latin1 COLLATE latin1_swedish_ci NOT NULL,
  `LastUpdatedon` datetime(0) NOT NULL,
  `isActive` bit(1) NOT NULL DEFAULT b'1',
  `Foto` longtext CHARACTER SET latin1 COLLATE latin1_swedish_ci NOT NULL,
  PRIMARY KEY (`id`) USING BTREE
) ENGINE = InnoDB AUTO_INCREMENT = 1 CHARACTER SET = latin1 COLLATE = latin1_swedish_ci ROW_FORMAT = Dynamic;

-- ----------------------------
-- Records of tsiswa
-- ----------------------------

-- ----------------------------
-- Table structure for userrole
-- ----------------------------
DROP TABLE IF EXISTS `userrole`;
CREATE TABLE `userrole`  (
  `userid` int(11) NOT NULL,
  `roleid` int(11) NULL DEFAULT NULL,
  PRIMARY KEY (`userid`) USING BTREE
) ENGINE = InnoDB CHARACTER SET = latin1 COLLATE = latin1_swedish_ci ROW_FORMAT = Dynamic;

-- ----------------------------
-- Records of userrole
-- ----------------------------
INSERT INTO `userrole` VALUES (14, 1);
INSERT INTO `userrole` VALUES (43, 2);
INSERT INTO `userrole` VALUES (44, 3);
INSERT INTO `userrole` VALUES (45, 3);
INSERT INTO `userrole` VALUES (46, 3);
INSERT INTO `userrole` VALUES (47, 3);
INSERT INTO `userrole` VALUES (48, 3);
INSERT INTO `userrole` VALUES (49, 2);
INSERT INTO `userrole` VALUES (50, 1);
INSERT INTO `userrole` VALUES (51, 3);
INSERT INTO `userrole` VALUES (52, 3);
INSERT INTO `userrole` VALUES (66, 3);
INSERT INTO `userrole` VALUES (67, 3);
INSERT INTO `userrole` VALUES (68, 3);
INSERT INTO `userrole` VALUES (70, 2);
INSERT INTO `userrole` VALUES (71, 2);
INSERT INTO `userrole` VALUES (72, 2);

-- ----------------------------
-- Table structure for users
-- ----------------------------
DROP TABLE IF EXISTS `users`;
CREATE TABLE `users`  (
  `id` int(11) NOT NULL AUTO_INCREMENT,
  `username` varchar(75) CHARACTER SET latin1 COLLATE latin1_swedish_ci NULL DEFAULT NULL,
  `nama` varchar(75) CHARACTER SET latin1 COLLATE latin1_swedish_ci NULL DEFAULT NULL,
  `password` varchar(255) CHARACTER SET latin1 COLLATE latin1_swedish_ci NULL DEFAULT NULL,
  `createdby` varchar(255) CHARACTER SET latin1 COLLATE latin1_swedish_ci NULL DEFAULT NULL,
  `createdon` datetime(0) NULL DEFAULT NULL,
  `HakAkses` int(255) NULL DEFAULT NULL COMMENT '1: admin,2: guru, 3 : murid',
  `token` varchar(255) CHARACTER SET latin1 COLLATE latin1_swedish_ci NULL DEFAULT NULL,
  `verified` bit(1) NULL DEFAULT NULL,
  `ip` varchar(255) CHARACTER SET latin1 COLLATE latin1_swedish_ci NULL DEFAULT NULL,
  `browser` varchar(255) CHARACTER SET latin1 COLLATE latin1_swedish_ci NULL DEFAULT NULL,
  `email` varchar(255) CHARACTER SET latin1 COLLATE latin1_swedish_ci NULL DEFAULT NULL,
  `phone` varchar(255) CHARACTER SET latin1 COLLATE latin1_swedish_ci NULL DEFAULT NULL,
  PRIMARY KEY (`id`) USING BTREE
) ENGINE = InnoDB AUTO_INCREMENT = 73 CHARACTER SET = latin1 COLLATE = latin1_swedish_ci ROW_FORMAT = Dynamic;

-- ----------------------------
-- Records of users
-- ----------------------------
INSERT INTO `users` VALUES (14, 'admin', 'admin', '440308e0a299d722ebc5a9459a56d27adffc7ad28688d4471fdc1c7a8324f9a5cabdcd25bae8fe71b65837f6dd33fd1a9187ff4e2b2fea10e88289b70fdb79a221Nz7VN+sVNcNv1J/4lhqE9nfn5cpZTw8zhp2ge4pY0=', 'mnl', NULL, 1, NULL, NULL, NULL, NULL, NULL, NULL);
INSERT INTO `users` VALUES (43, 'operator', 'Operator', 'a9bdd47d7321d4089b3b00561c9c621848bd6f6e2f745a53d54913d613789c23945b66de6ded1eb336a7d526f9349a9d964d6f6c3a40e2ac90b4b16c0121f7895Xg53McbkyQ/NmW60Sf4cu3wJsi/8cyZXxeXV7g6b04=', NULL, NULL, NULL, NULL, NULL, NULL, NULL, NULL, NULL);
INSERT INTO `users` VALUES (71, '1001', 'Prasetyo Aji Wibowo', 'c637abd9352a25c922463f7acc7b3a5f9328eba06ed17e6572a23b8cbdabb0a3c131c304d92c3b144077d08b83bea24e8523995d9e0a8d3c059c89d3526ea8f8HAx07QI6q7vgVWvh8bgR0FD4/Nox8aBN/4DFMRh9I9E=', 'admin', '2020-07-03 02:53:26', 2, NULL, NULL, NULL, NULL, NULL, NULL);
INSERT INTO `users` VALUES (72, '1002', 'Bambang sukiryo', '2fab8327944504c22d9b8c85bc1d2be04ef81e4cb5eaea3ab1cbac561c05442e242fd7df31b5fcf49813aeb94f99a36302de884140b3b15415864a89e0f72a260D9/S7S/r5aU0t6xDZREZyZoTGQwVUccfVKmWIDL6tU=', 'admin', '2020-07-03 02:54:47', 2, NULL, NULL, NULL, NULL, NULL, NULL);

SET FOREIGN_KEY_CHECKS = 1;
